ptx_code	chem_name	casrn	dtxsid	smiles	inchikey	label	pubchem_cid
PTX001	Cadmium chloride	10108-64-2	DTXSID6020226	[Cl-].[Cl-].[Cd++]	YKYOUMDCQGMQQO-UHFFFAOYSA-L	PTX001 | Cadmium chloride	24947
PTX002	Ethoprop	13194-48-4	DTXSID4032611	CCCSP(=O)(OCC)SCCC	VJYFKVYYMZPMAB-UHFFFAOYSA-N	PTX002 | Ethoprop	3289
PTX003	[4-Chloro-6-(2,3-xylidino)-2-pyrimidinylthio]acetic acid	50892-23-4	DTXSID4020290	CC1=C(C)C(NC2=NC(SCC(O)=O)=NC(Cl)=C2)=CC=C1	SZRPDCCEHVWOJX-UHFFFAOYSA-N	PTX003 | [4-Chloro-6-(2,3-xylidino)-2-pyrimidinylthio]acetic acid	5694
PTX004	Dimethyl sulfoxide	67-68-5	DTXSID2021735	CS(C)=O	IAZDPXIOMUYVGZ-UHFFFAOYSA-N	PTX004 | Dimethyl sulfoxide	679
PTX006	Sodium arsenite	7784-46-5	DTXSID5020104	[Na+].[O-][As]=O	PTLRDCMBXHILCL-UHFFFAOYSA-M	PTX006 | Sodium arsenite	443495
PTX007	Acrylamide	79-06-1	DTXSID5020027	NC(=O)C=C	HRPVXLWXLXDGHG-UHFFFAOYSA-N	PTX007 | Acrylamide	6579
PTX009	N,N'-Methylenebisacrylamide	110-26-9	DTXSID8025595	C=CC(=O)NCNC(=O)C=C	ZIUHHBKFKCYYJD-UHFFFAOYSA-N	PTX009 | N,N'-Methylenebisacrylamide	8041
PTX010	N-(Butoxymethyl)acrylamide	1852-16-0	DTXSID9027443	CCCCOCNC(=O)C=C	UTSYWKJYFPPRAP-UHFFFAOYSA-N	PTX010 | N-(Butoxymethyl)acrylamide	15817
PTX011	N-(Isobutoxymethyl)acrylamide	16669-59-3	DTXSID2044848	CC(C)COCNC(=O)C=C	KCTMTGOHHMRJHZ-UHFFFAOYSA-N	PTX011 | N-(Isobutoxymethyl)acrylamide	27979
PTX012	N,N-Diethylacrylamide	2675-94-7	DTXSID10181258	CCN(CC)C(=O)C=C	OVHHHVAVHBHXAK-UHFFFAOYSA-N	PTX012 | N,N-Diethylacrylamide	17583
PTX013	Methacrylamide	79-39-0	DTXSID8029600	CC(=C)C(N)=O	FQPSGWSUVKBHSU-UHFFFAOYSA-N	PTX013 | Methacrylamide	6595
PTX014	Imidazole	288-32-4	DTXSID2029616	N1C=CN=C1	RAXXELZNTBOGNW-UHFFFAOYSA-N	PTX014 | Imidazole	795
PTX015	4-Methylimidazole	822-36-6	DTXSID9025617	CC1=CNC=N1	XLSZMDLNRCVEIJ-UHFFFAOYSA-N	PTX015 | 4-Methylimidazole	13195
PTX016	2-Methylimidazole	693-98-1	DTXSID4022107	CC1=NC=CN1	LXBGSDVWAMZHDD-UHFFFAOYSA-N	PTX016 | 2-Methylimidazole	12749
PTX017	1-Methylimidazole	616-47-7	DTXSID6052291	CN1C=CN=C1	MCTWTZJPVLRJOU-UHFFFAOYSA-N	PTX017 | 1-Methylimidazole	1390
PTX018	1H-Imidazole, 1,2-dimethyl-	1739-84-0	DTXSID2061939	CN1C=CN=C1C	GIWQSPITLQVMSG-UHFFFAOYSA-N	PTX018 | 1H-Imidazole, 1,2-dimethyl-	15617
PTX019	2-Ethyl-4-methyl-1H-imidazole	931-36-2	DTXSID9044744	CCC1=NC(C)=CN1	ULKLGIFJWFIQFF-UHFFFAOYSA-N	PTX019 | 2-Ethyl-4-methyl-1H-imidazole	70262
PTX020	1H-Imidazole-1-propanamine	5036-48-6	DTXSID7063685	NCCCN1C=CN=C1	KDHWOCLBMVSZPG-UHFFFAOYSA-N	PTX020 | 1H-Imidazole-1-propanamine	78736
PTX021	Propofol	2078-54-8	DTXSID6023523	CC(C)C1=CC=CC(C(C)C)=C1O	OLBCVFGFOZPWHH-UHFFFAOYSA-N	PTX021 | Propofol	4943
PTX022	Caffeine	58-08-2	DTXSID0020232	CN1C=NC2=C1C(=O)N(C)C(=O)N2C	RYYVLZVUVIJVGH-UHFFFAOYSA-N	PTX022 | Caffeine	2519
PTX023	N-Methylaniline	100-61-8	DTXSID9021841	CNC1=CC=CC=C1	AFBPFSWMIHJQDM-UHFFFAOYSA-N	PTX023 | N-Methylaniline	7515
PTX024	Fingolimod	162359-55-9	DTXSID40167363	CCCCCCCCC1=CC=C(CCC(N)(CO)CO)C=C1	KKGQTZUTZRNORY-UHFFFAOYSA-N	PTX024 | Fingolimod	107970
PTX025	Triadimenol	55219-65-3	DTXSID0032493	CC(C)(C)C(O)C(OC1=CC=C(Cl)C=C1)N1C=NC=N1	BAZVSMNPJJMILC-UHFFFAOYSA-N	PTX025 | Triadimenol	41368
PTX026	Chlorpyrifos	2921-88-2	DTXSID4020458	CCOP(=S)(OCC)OC1=NC(Cl)=C(Cl)C=C1Cl	SBPBAQFWLVIOKP-UHFFFAOYSA-N	PTX026 | Chlorpyrifos	2730
PTX027	Chlorpyrifos oxon	5598-15-2	DTXSID1038666	CCOP(=O)(OCC)OC1=NC(Cl)=C(Cl)C=C1Cl	OTMOUPHCTWPNSL-UHFFFAOYSA-N	PTX027 | Chlorpyrifos oxon	21804
PTX028	Genistein	446-72-0	DTXSID5022308	OC1=CC=C(C=C1)C1=COC2=C(C(O)=CC(O)=C2)C1=O	TZBJGXHYKVUXJN-UHFFFAOYSA-N	PTX028 | Genistein	5280961
PTX029	Niflumic acid	4394-00-7	DTXSID1023368	OC(=O)C1=CC=CN=C1NC1=CC=CC(=C1)C(F)(F)F	JZFPYUNJRRFVQU-UHFFFAOYSA-N	PTX029 | Niflumic acid	4488
PTX030	Pregnenolone	145-13-1	DTXSID1036541	[H][C@@]12CC[C@H](C(C)=O)[C@@]1(C)CC[C@@]1([H])[C@@]2([H])CC=C2C[C@@H](O)CC[C@]12C	ORNBQBCIOKFOEO-QGVNFLHTSA-N	PTX030 | Pregnenolone	8955
PTX031	Dexamethasone	50-02-2	DTXSID3020384	[H][C@@]12C[C@@H](C)[C@](O)(C(=O)CO)[C@@]1(C)C[C@H](O)[C@@]1(F)[C@@]2([H])CCC2=CC(=O)C=C[C@]12C	UREBDLICKHMUKA-CXSFZGCWSA-N	PTX031 | Dexamethasone	5743
PTX032	4,5-Dihydro-2-mercaptoimidazole	96-45-7	DTXSID5020601	S=C1NCCN1	PDQAZBWRQCGBEV-UHFFFAOYSA-N	PTX032 | 4,5-Dihydro-2-mercaptoimidazole	2723650
PTX033	Diphenylamine	122-39-4	DTXSID4021975	N(C1=CC=CC=C1)C1=CC=CC=C1	DMBHHRLKUKUOEG-UHFFFAOYSA-N	PTX033 | Diphenylamine	11487
PTX034	Atorvastatin calcium trihydrate	344423-98-9	DTXSID50110042	O.O.O.[Ca++].CC(C)C1=C(C(=O)NC2=CC=CC=C2)C(=C(N1CC[C@@H](O)C[C@@H](O)CC([O-])=O)C1=CC=C(F)C=C1)C1=CC=CC=C1.CC(C)C1=C(C(=O)NC2=CC=CC=C2)C(=C(N1CC[C@@H](O)C[C@@H](O)CC([O-])=O)C1=CC=C(F)C=C1)C1=CC=CC=C1	SHZPNDRIDUBNMH-NIJVSVLQSA-L	PTX034 | Atorvastatin calcium trihydrate	656846
PTX035	Fluoxetine hydrochloride	56296-78-7	DTXSID7020635	Cl.CNCCC(OC1=CC=C(C=C1)C(F)(F)F)C1=CC=CC=C1	GIYXAJPCNFJEHY-UHFFFAOYSA-N	PTX035 | Fluoxetine hydrochloride	62857
PTX036	(-)-Nicotine	54-11-5	DTXSID1020930	CN1CCC[C@H]1C1=CN=CC=C1	SNICXCGAKADSCV-JTQLQIEISA-N	PTX036 | (-)-Nicotine	89594
PTX037	Valproic acid	99-66-1	DTXSID6023733	CCCC(CCC)C(O)=O	NIJJYAXOARWZEE-UHFFFAOYSA-N	PTX037 | Valproic acid	3121
PTX038	Verapamil hydrochloride	152-11-4	DTXSID2034095	Cl.COC1=CC=C(CCN(C)CCCC(C#N)(C(C)C)C2=CC=C(OC)C(OC)=C2)C=C1OC	DOQPXTMNIUCOSY-UHFFFAOYSA-N	PTX038 | Verapamil hydrochloride	62969
PTX039	Diclofenac	15307-86-5	DTXSID6022923	OC(=O)CC1=C(NC2=C(Cl)C=CC=C2Cl)C=CC=C1	DCOPUUMXTXDBNB-UHFFFAOYSA-N	PTX039 | Diclofenac	3033
PTX040	Bisphenol A	80-05-7	DTXSID7020182	CC(C)(C1=CC=C(O)C=C1)C1=CC=C(O)C=C1	IISBACLAFKSPIT-UHFFFAOYSA-N	PTX040 | Bisphenol A	6623
PTX041	Clofibric acid	882-09-7	DTXSID1040661	CC(C)(OC1=CC=C(Cl)C=C1)C(O)=O	TXCGAZHTZHNUAI-UHFFFAOYSA-N	PTX041 | Clofibric acid	2797
PTX042	Carbendazim	10605-21-7	DTXSID4024729	COC(=O)NC1=NC2=CC=CC=C2N1	TWFZGCMQGLPBSX-UHFFFAOYSA-N	PTX042 | Carbendazim	25429
PTX043	Tributyltin chloride	1461-22-9	DTXSID3027403	CCCC[Sn](Cl)(CCCC)CCCC	GCTFWCDSFPMHHS-UHFFFAOYSA-M	PTX043 | Tributyltin chloride	15096
PTX044	Picoxystrobin	117428-22-5	DTXSID9047542	CO\C=C(\C(=O)OC)C1=C(COC2=NC(=CC=C2)C(F)(F)F)C=CC=C1	IBSNKSODLGJUMQ-SDNWHVSQSA-N	PTX044 | Picoxystrobin	11285653
PTX045	2-Butoxyethanol	111-76-2	DTXSID1024097	CCCCOCCO	POAOYUHQDCAZBD-UHFFFAOYSA-N	PTX045 | 2-Butoxyethanol	8133
PTX057	HC Yellow no. 13	10442-83-8	DTXSID10146483	OCCNC1=C(C=C(C=C1)C(F)(F)F)[N+]([O-])=O	NJZCRXQWPNNJNB-UHFFFAOYSA-N	PTX057 | HC Yellow no. 13	2799157
PTX058	Tamoxifen	10540-29-1	DTXSID1034187	CC\C(=C(/C1=CC=CC=C1)C1=CC=C(OCCN(C)C)C=C1)C1=CC=CC=C1	NKANXQFJJICGDU-QPLCGJKRSA-N	PTX058 | Tamoxifen	2733526
PTX059	N,N-Dimethylacetamide	127-19-5	DTXSID5020499	CN(C)C(C)=O	FXHOOIRPVKKKFG-UHFFFAOYSA-N	PTX059 | N,N-Dimethylacetamide	31374
PTX060	Atrazine	1912-24-9	DTXSID9020112	CCNC1=NC(NC(C)C)=NC(Cl)=N1	MXWJVTOOROXGIU-UHFFFAOYSA-N	PTX060 | Atrazine	2256
PTX061	Imazalil	35554-44-0	DTXSID8024151	ClC1=CC(Cl)=C(C=C1)C(CN1C=CN=C1)OCC=C	PZBPKYOVPCNPJY-UHFFFAOYSA-N	PTX061 | Imazalil	37175
PTX062	Cyclosporin A	59865-13-3	DTXSID0020365	[H][C@@]1([C@H](O)[C@H](C)C\C=C\C)N(C)C(=O)[C@H](C(C)C)N(C)C(=O)[C@H](CC(C)C)N(C)C(=O)[C@H](CC(C)C)N(C)C(=O)[C@@H](C)NC(=O)[C@H](C)NC(=O)[C@H](CC(C)C)N(C)C(=O)[C@@H](NC(=O)[C@H](CC(C)C)N(C)C(=O)CN(C)C(=O)[C@H](CC)NC1=O)C(C)C	PMATZTZNYRCHOR-CGLBZJNRSA-N	PTX062 | Cyclosporin A	2909
PTX063	Tetracycline hydrochloride	64-75-5	DTXSID6021321	Cl.CN(C)[C@H]1[C@@H]2C[C@H]3C(=C(O)[C@]2(O)C(=O)C(C(N)=O)=C1O)C(=O)C1=C(C=CC=C1O)[C@@]3(C)O	XMEVHPAGJVLHIG-FMZCEJRJSA-N	PTX063 | Tetracycline hydrochloride	54704426
PTX064	2,5-Diaminotoluene sulfate	615-50-9	DTXSID50872532	[O-]S([O-])(=O)=O.CC1=C([NH3+])C=CC([NH3+])=C1	KZTWOUOZKZQDMN-UHFFFAOYSA-N	PTX064 | 2,5-Diaminotoluene sulfate	22856
PTX065	N,N-Dimethylformamide	68-12-2	DTXSID6020515	CN(C)C=O	ZMXDDKWLCZADIW-UHFFFAOYSA-N	PTX065 | N,N-Dimethylformamide	6228
PTX066	N,N'-Bis(2-hydroxyethyl)-2-nitro-p-phenylenediamine	84041-77-0	DTXSID90232939	OCCNC1=CC(=C(NCCO)C=C1)[N+]([O-])=O	HWQZRURILVPDGN-UHFFFAOYSA-N	PTX066 | N,N'-Bis(2-hydroxyethyl)-2-nitro-p-phenylenediamine	5488740
PTX067	Cyproconazole	94361-06-5	DTXSID0032601	CC(C1CC1)C(O)(CN1C=NC=N1)C1=CC=C(Cl)C=C1	UFNOUKDBUJZYDE-UHFFFAOYSA-N	PTX067 | Cyproconazole	86132
PTX068	2-Aminophenol	95-55-6	DTXSID8024498	NC1=C(O)C=CC=C1	CDAWCLOXVUBKRW-UHFFFAOYSA-N	PTX068 | 2-Aminophenol	5801
PTX069	Tigecycline	220620-09-7	DTXSID2048581	CN(C)[C@H]1[C@@H]2C[C@@H]3CC4=C(C(O)=C(NC(=O)CNC(C)(C)C)C=C4N(C)C)C(=O)C3=C(O)[C@]2(O)C(=O)C(C(N)=O)=C1O	FPZLLRFZJZRHSY-HJYUBDRYSA-N	PTX069 | Tigecycline	54686904
PTX070	Rotenone	83-79-4	DTXSID6021248	[H][C@@]12COC3=C(C=C(OC)C(OC)=C3)[C@]1([H])C(=O)C1=CC=C3O[C@H](CC3=C1O2)C(C)=C	JUVIOZPCNVVQFO-HBGVWJBISA-N	PTX070 | Rotenone	6758
PTX072	Acetaminophen	103-90-2	DTXSID2020006	CC(=O)NC1=CC=C(O)C=C1	RZVAJINKPMORJF-UHFFFAOYSA-N	PTX072 | Acetaminophen	1983
PTX073	2,4,4'-Trichlorobiphenyl	7012-37-5	DTXSID2038310	ClC1=CC=C(C=C1)C1=C(Cl)C=C(Cl)C=C1	BZTYNSQSZHARAZ-UHFFFAOYSA-N	PTX073 | 2,4,4'-Trichlorobiphenyl	23448
PTX074	1H-Imidazole, 2-ethyl-	1072-62-4	DTXSID5061457	CCC1=NC=CN1	PQAMFDRRWURCFQ-UHFFFAOYSA-N	PTX074 | 1H-Imidazole, 2-ethyl-	66130
PTX075	1-Ethyl-1H-imidazole	7098-07-9	DTXSID10221209	CCN1C=CN=C1	IWDFHWZHHOSSGR-UHFFFAOYSA-N	PTX075 | 1-Ethyl-1H-imidazole	81540
PTX076	1H-Imidazole, 1-ethenyl-	1072-63-5	DTXSID0061458	C=CN1C=CN=C1	OSSNTDFYBPYIEC-UHFFFAOYSA-N	PTX076 | 1H-Imidazole, 1-ethenyl-	66171
PTX077	Trichlorfon	52-68-6	DTXSID0021389	COP(=O)(OC)C(O)C(Cl)(Cl)Cl	NFACJZMKEDPNKN-UHFFFAOYSA-N	PTX077 | Trichlorfon	5853
PTX078	5,5-Diphenylhydantoin	57-41-0	DTXSID8020541	O=C1NC(=O)C(N1)(C1=CC=CC=C1)C1=CC=CC=C1	CXOFVDLJLONNDW-UHFFFAOYSA-N	PTX078 | 5,5-Diphenylhydantoin	1775
PTX079	Tebuconazole	107534-96-3	DTXSID9032113	CC(C)(C)C(O)(CCC1=CC=C(Cl)C=C1)CN1C=NC=N1	PXMNMQRDXWABCY-UHFFFAOYSA-N	PTX079 | Tebuconazole	86102
PTX080	Hexachlorophene	70-30-4	DTXSID6020690	OC1=C(CC2=C(Cl)C(Cl)=CC(Cl)=C2O)C(Cl)=C(Cl)C=C1Cl	ACGUYXCXAPNIKK-UHFFFAOYSA-N	PTX080 | Hexachlorophene	3598
PTX081	Triethyltin bromide	2767-54-6	DTXSID9040712	CC[Sn](Br)(CC)CC	KQPIFPBKXYBDGV-UHFFFAOYSA-M	PTX081 | Triethyltin bromide	17701
PTX082	Perfluorooctanoic acid	335-67-1	DTXSID8031865	OC(=O)C(F)(F)C(F)(F)C(F)(F)C(F)(F)C(F)(F)C(F)(F)C(F)(F)F	SNGREZUHAYWORS-UHFFFAOYSA-N	PTX082 | Perfluorooctanoic acid	9554
PTX083	Retinoic acid	302-79-4	DTXSID7021239	C\C(\C=C\C1=C(C)CCCC1(C)C)=C/C=C/C(/C)=C/C(O)=O	SHGAZHPCJJPHSC-YCNIQYBTSA-N	PTX083 | Retinoic acid	444795
PTX084	Haloperidol	52-86-8	DTXSID4034150	OC1(CCN(CCCC(=O)C2=CC=C(F)C=C2)CC1)C1=CC=C(Cl)C=C1	LNEPOXFFQSENCJ-UHFFFAOYSA-N	PTX084 | Haloperidol	3559
PTX085	Chlorpromazine hydrochloride	69-09-0	DTXSID7024827	Cl.CN(C)CCCN1C2=C(SC3=C1C=C(Cl)C=C3)C=CC=C2	FBSMERQALIEGJT-UHFFFAOYSA-N	PTX085 | Chlorpromazine hydrochloride	6240
PTX086	Carbamazepine	298-46-4	DTXSID4022731	NC(=O)N1C2=CC=CC=C2C=CC2=C1C=CC=C2	FFGPTBGBLSHEPO-UHFFFAOYSA-N	PTX086 | Carbamazepine	2554
PTX087	Imidacloprid	138261-41-3	DTXSID5032442	[O-][N+](=O)\N=C1/NCCN1CC1=CN=C(Cl)C=C1	YWTYJOPNNQFBPC-UHFFFAOYSA-N	PTX087 | Imidacloprid	86287518
PTX088	Fipronil	120068-37-3	DTXSID4034609	NC1=C(C(=NN1C1=C(Cl)C=C(C=C1Cl)C(F)(F)F)C#N)S(=O)C(F)(F)F	ZOCSXAVNDGMNBV-UHFFFAOYSA-N	PTX088 | Fipronil	3352
PTX089	Thiamethoxam	153719-23-4	DTXSID2034962	CN1COCN(CC2=CN=C(Cl)S2)C1=N[N+]([O-])=O	NWWZPOKUUAIXIW-UHFFFAOYSA-N	PTX089 | Thiamethoxam	107646
PTX090	Azoxystrobin	131860-33-8	DTXSID0032520	CO\C=C(\C(=O)OC)C1=CC=CC=C1OC1=CC(OC2=CC=CC=C2C#N)=NC=N1	WFDXOXNFNRHQEC-GHRIWEEISA-N	PTX090 | Azoxystrobin	3034285
PTX091	Camptothecin	7689-03-4	DTXSID0030956	CC[C@@]1(O)C(=O)OCC2=C1C=C1N(CC3=CC4=C(C=CC=C4)N=C13)C2=O	VSJKWCGYPAHWDS-FQEVSTJZSA-N	PTX091 | Camptothecin	24360
PTX092	Tetraethylthiuram disulfide	97-77-8	DTXSID1021322	CCN(CC)C(=S)SSC(=S)N(CC)CC	AUZONCFQVSMFAP-UHFFFAOYSA-N	PTX092 | Tetraethylthiuram disulfide	3117
PTX093	Mebendazole	31431-39-7	DTXSID4040682	COC(=O)NC1=NC2=C(N1)C=CC(=C2)C(=O)C1=CC=CC=C1	OPXLLQIJSORQAM-UHFFFAOYSA-N	PTX093 | Mebendazole	4030
PTX094	Citalopram	59729-33-8	DTXSID8022826	CN(C)CCCC1(OCC2=CC(=CC=C12)C#N)C1=CC=C(F)C=C1	WSEQXVZVJXJVFP-UHFFFAOYSA-N	PTX094 | Citalopram	2771
PTX095	Lidocaine	137-58-6	DTXSID1045166	CCN(CC)CC(=O)NC1=C(C)C=CC=C1C	NNJVILVZKWQKPM-UHFFFAOYSA-N	PTX095 | Lidocaine	3676
PTX096	Cyclophosphamide monohydrate	6055-19-2	DTXSID6024888	O.ClCCN(CCCl)P1(=O)NCCCO1	PWOQRKCAHTVFLB-UHFFFAOYSA-N	PTX096 | Cyclophosphamide monohydrate	22420
PTX097	6-Propyl-2-thiouracil	51-52-5	DTXSID5021209	CCCC1=CC(=O)NC(=S)N1	KNAHARQHSZJURB-UHFFFAOYSA-N	PTX097 | 6-Propyl-2-thiouracil	657298
PTX098	Methimazole	60-56-0	DTXSID4020820	CN1C=CNC1=S	PMRYVIKBURPHAH-UHFFFAOYSA-N	PTX098 | Methimazole	1349907
PTX099	5-Azacytidine	320-67-2	DTXSID9020116	NC1=NC(=O)N(C=N1)[C@@H]1O[C@H](CO)[C@@H](O)[C@H]1O	NMUSYJAQQFHJEW-KVTDHHQDSA-N	PTX099 | 5-Azacytidine	9444
PTX100	Cytarabine	147-94-4	DTXSID3022877	NC1=NC(=O)N(C=C1)[C@@H]1O[C@H](CO)[C@@H](O)[C@@H]1O	UHDGCWIWMRVCDJ-CCXZUQQUSA-N	PTX100 | Cytarabine	6253
PTX101	Hydroxyurea	127-07-1	DTXSID6025438	NC(=O)NO	VSNHCAURESNICA-UHFFFAOYSA-N	PTX101 | Hydroxyurea	3657
PTX102	Colchicine	64-86-8	DTXSID5024845	COC1=CC2=C(C(OC)=C1OC)C1=CC=C(OC)C(=O)C=C1[C@H](CC2)NC(C)=O	IAKHMKGGTNLKSZ-INIZCTEOSA-N	PTX102 | Colchicine	6167
PTX103	Aspartame	22839-47-0	DTXSID0020107	COC(=O)[C@H](CC1=CC=CC=C1)NC(=O)[C@@H](N)CC(O)=O	IAOZJIPTCAWIRG-QWRGUYRKSA-N	PTX103 | Aspartame	134601
PTX104	5-Fluorouracil	51-21-8	DTXSID2020634	FC1=CNC(=O)NC1=O	GHASVSINZRGABV-UHFFFAOYSA-N	PTX104 | 5-Fluorouracil	3385
PTX105	Methotrexate	59-05-2	DTXSID4020822	FBOZXECLQNJBKD-ZDUSSCGKSA-N	CN(CC1=CN=C2C(=N1)C(=NC(=N2)N)N)C3=CC=C(C=C3)C(=O)NC(CCC(=O)O)C(=O)O	PTX105 | Methotrexate	126941
PTX106	5-Bromo-2'-deoxyuridine	59-14-3	DTXSID7033105	OC[C@H]1O[C@H](C[C@@H]1O)N1C=C(Br)C(=O)NC1=O	WOVKYSAHUYNSMH-RRKCRQDMSA-N	PTX106 | 5-Bromo-2'-deoxyuridine	6035
PTX107	17alpha-Ethinylestradiol	57-63-6	DTXSID5020576	[H][C@@]12CC[C@@](O)(C#C)[C@@]1(C)CC[C@]1([H])C3=C(CC[C@@]21[H])C=C(O)C=C3	BFPYWIDHMRZLRN-SLHNCBLASA-N	PTX107 | 17alpha-Ethinylestradiol	5991
PTX108	Cyproterone acetate	427-51-0	DTXSID5020366	CC(=O)O[C@@]1(CC[C@H]2[C@@H]3C=C(Cl)C4=CC(=O)[C@@H]5C[C@@H]5[C@]4(C)[C@H]3CC[C@]12C)C(C)=O	UWFYSQMTEOIJJG-FDTZYFLXSA-N	PTX108 | Cyproterone acetate	9880
PTX109	Progesterone	57-83-0	DTXSID3022370	[H][C@@]12CC[C@H](C(C)=O)[C@@]1(C)CC[C@@]1([H])[C@@]2([H])CCC2=CC(=O)CC[C@]12C	RJKFOVLPORLFTN-LEKSSAKUSA-N	PTX109 | Progesterone	5994
PTX110	Spironolactone	52-01-7	DTXSID6034186	[H][C@@]12CC[C@@]3(CCC(=O)O3)[C@@]1(C)CC[C@@]1([H])[C@@]2([H])[C@@H](CC2=CC(=O)CC[C@]12C)SC(C)=O	LXMSZDCAJNLERA-ZHYRCANASA-N	PTX110 | Spironolactone	5833
PTX111	17-Methyltestosterone	58-18-4	DTXSID1033664	C[C@]1(O)CC[C@H]2[C@@H]3CCC4=CC(=O)CC[C@]4(C)[C@H]3CC[C@]12C	GCKMFJBGXUYNAG-HLXURNFRSA-N	PTX111 | 17-Methyltestosterone	4160
PTX112	Finasteride	98319-26-7	DTXSID3020625	CC(C)(C)NC(=O)[C@H]1CC[C@H]2[C@@H]3CC[C@H]4NC(=O)C=C[C@]4(C)[C@H]3CC[C@]12C	DBEPLOCGEIEOCV-WSBQPABSSA-N	PTX112 | Finasteride	57363
PTX113	Fenitrothion	122-14-5	DTXSID4032613	COP(=S)(OC)OC1=CC=C(C(C)=C1)[N+]([O-])=O	ZNOLGFHPUIJIMJ-UHFFFAOYSA-N	PTX113 | Fenitrothion	31200
PTX114	Estriol	50-27-1	DTXSID9022366	C[C@]12CC[C@H]3[C@@H](CCC4=C3C=CC(O)=C4)[C@@H]1C[C@@H](O)[C@@H]2O	PROQIPRRNZUXQM-ZXXIGWHRSA-N	PTX114 | Estriol	5756
PTX115	Metformin hydrochloride	1115-70-4	DTXSID9037246	Cl.CN(C)C(=N)NC(N)=N	OETHQSJEHLVLGH-UHFFFAOYSA-N	PTX115 | Metformin hydrochloride	14219
PTX116	Sodium perchlorate	7601-89-0	DTXSID1034185	[Na+].[O-][Cl](=O)(=O)=O	BAZAXWOYCMUHIX-UHFFFAOYSA-M	PTX116 | Sodium perchlorate	522606
PTX117	Vinclozolin	50471-44-8	DTXSID4022361	CC1(OC(=O)N(C1=O)C1=CC(Cl)=CC(Cl)=C1)C=C	FSCWZHGZWWDELK-UHFFFAOYSA-N	PTX117 | Vinclozolin	39676
PTX118	Tiratricol	51-24-1	DTXSID2045232	OC(=O)CC1=CC(I)=C(OC2=CC(I)=C(O)C=C2)C(I)=C1	UOWZUVNAGUAEQC-UHFFFAOYSA-N	PTX118 | Tiratricol	5803
PTX119	Flutamide	13311-84-7	DTXSID7032004	CC(C)C(=O)NC1=CC(=C(C=C1)[N+]([O-])=O)C(F)(F)F	MKXKFYHWDHIYRV-UHFFFAOYSA-N	PTX119 | Flutamide	3397
PTX120	Estrone	53-16-7	DTXSID4022367	[H][C@@]12CCC(=O)[C@@]1(C)CC[C@]1([H])C3=C(CC[C@@]21[H])C=C(O)C=C3	DNXHEGUUPJUMQT-CBZIJGRNSA-N	PTX120 | Estrone	5870
PTX121	Testosterone	58-22-0	DTXSID8022371	[H][C@@]12CC[C@H](O)[C@@]1(C)CC[C@@]1([H])[C@@]2([H])CCC2=CC(=O)CC[C@]12C	MUMGGOZAMZWBJJ-DYKIIFRCSA-N	PTX121 | Testosterone	6013
PTX122	Linuron	330-55-2	DTXSID2024163	CON(C)C(=O)NC1=CC=C(Cl)C(Cl)=C1	XKJMBINCVNINCA-UHFFFAOYSA-N	PTX122 | Linuron	9502
PTX123	17beta-Trenbolone	10161-33-8	DTXSID0034192	[H][C@@]12CC[C@H](O)[C@@]1(C)C=CC1=C3CCC(=O)C=C3CC[C@@]21[H]	MEHHPFQKXOUFFV-OWSLCNJRSA-N	PTX123 | 17beta-Trenbolone	25015
PTX124	Raloxifene hydrochloride	82640-04-8	DTXSID1034181	Cl.OC1=CC=C(C=C1)C1=C(C(=O)C2=CC=C(OCCN3CCCCC3)C=C2)C2=CC=C(O)C=C2S1	BKXVVCILCIUCLG-UHFFFAOYSA-N	PTX124 | Raloxifene hydrochloride	54900
PTX125	5alpha-Dihydrotestosterone	521-18-6	DTXSID9022364	[H][C@@]12CC[C@H](O)[C@@]1(C)CC[C@@]1([H])[C@@]2([H])CC[C@@]2([H])CC(=O)CC[C@]12C	NVKAWKQGWWIWPM-ABEVXSGRSA-N	PTX125 | 5alpha-Dihydrotestosterone	10635
PTX126	Anastrozole	120511-73-1	DTXSID9022607	CC(C)(C#N)C1=CC(=CC(CN2C=NC=N2)=C1)C(C)(C)C#N	YBBLVLTVTVSKRW-UHFFFAOYSA-N	PTX126 | Anastrozole	2187
PTX127	Hydrocortisone	50-23-7	DTXSID7020714	C[C@]12C[C@H](O)[C@H]3[C@@H](CCC4=CC(=O)CC[C@]34C)[C@@H]1CC[C@]2(O)C(=O)CO	JYGXADMDTFJGBT-VWUMJDOOSA-N	PTX127 | Hydrocortisone	5754
PTX128	Metyrapone	54-36-4	DTXSID1023314	CC(C)(C(=O)C1=CN=CC=C1)C1=CN=CC=C1	FJLBFSROUSIWMA-UHFFFAOYSA-N	PTX128 | Metyrapone	4174
PTX129	Levothyroxine	51-48-9	DTXSID8023214	N[C@@H](CC1=CC(I)=C(OC2=CC(I)=C(O)C(I)=C2)C(I)=C1)C(O)=O	XUIIKFGFIJCVMT-LBPRGKRZSA-N	PTX129 | Levothyroxine	5819
PTX130	Aldosterone	52-39-1	DTXSID7022419	[H][C@@]12CC[C@H](C(=O)CO)[C@]1(C[C@H](O)[C@@]1([H])[C@@]2([H])CCC2=CC(=O)CC[C@]12C)C=O	PQSUYGKTWSAVDQ-ZVIOFETBSA-N	PTX130 | Aldosterone	5839
PTX131	Iopanoic acid	96-83-3	DTXSID6023159	CCC(CC1=C(I)C=C(I)C(N)=C1I)C(O)=O	OIRFJRBSRORBCM-UHFFFAOYSA-N	PTX131 | Iopanoic acid	3735
PTX132	Fulvestrant	129453-61-8	DTXSID4022369	[H][C@@]12CC[C@H](O)[C@@]1(C)CC[C@]1([H])C3=C(C[C@@H](CCCCCCCCCS(=O)CCCC(F)(F)C(F)(F)F)[C@@]21[H])C=C(O)C=C3	VWUXBMIQPBEWFH-WCCTWKNTSA-N	PTX132 | Fulvestrant	104741
PTX133	Triphenyl phosphate	115-86-6	DTXSID1021952	O=P(OC1=CC=CC=C1)(OC1=CC=CC=C1)OC1=CC=CC=C1	XZZNDPSIHUTMOC-UHFFFAOYSA-N	PTX133 | Triphenyl phosphate	8289
PTX134	Prochloraz	67747-09-5	DTXSID4024270	CCCN(CCOC1=C(Cl)C=C(Cl)C=C1Cl)C(=O)N1C=CN=C1	TVLSRXXIMLFWEO-UHFFFAOYSA-N	PTX134 | Prochloraz	73665
PTX135	Dutasteride	164656-23-9	DTXSID8046452	[H][C@@]12CC[C@H](C(=O)NC3=CC(=CC=C3C(F)(F)F)C(F)(F)F)[C@@]1(C)CC[C@@]1([H])[C@@]2([H])CC[C@@]2([H])NC(=O)C=C[C@]12C	JWJOTENAMICLJG-QWBYCMEYSA-N	PTX135 | Dutasteride	6918296
PTX136	Levonorgestrel	797-63-7	DTXSID3036496	[H][C@@]12CC[C@@](O)(C#C)[C@@]1(CC)CC[C@]1([H])[C@@]3([H])CCC(=O)C=C3CC[C@@]21[H]	WWYNJERNGUHSAO-XUDSTZEESA-N	PTX136 | Levonorgestrel	13109
PTX137	Mifepristone	84371-65-3	DTXSID5023322	[H][C@@]12CC[C@@](O)(C#CC)[C@@]1(C)C[C@]([H])(C1=CC=C(C=C1)N(C)C)C1=C3CCC(=O)C=C3CC[C@@]21[H]	VKHAHZOOUSRJNA-GCNJZUOMSA-N	PTX137 | Mifepristone	55245
PTX138	Ethylparaben	120-47-8	DTXSID9022528	CCOC(=O)C1=CC=C(O)C=C1	NUVBSKCKDOMJSU-UHFFFAOYSA-N	PTX138 | Ethylparaben	8434
PTX139	Lithium carbonate	554-13-2	DTXSID1023784	[Li+].[Li+].[O-]C([O-])=O	XGZVUEUWXADBQD-UHFFFAOYSA-L	PTX139 | Lithium carbonate	11125
PTX140	1-(1-(4,4-bis(4-fluorophenyl)butyl)-4-piperidinyl)-1,3-dihydro-2H-Benzimidazol-2-one	2062-78-4	DTXSID8023474	FC1=CC=C(C=C1)C(CCCN1CCC(CC1)N1C(=O)NC2=C1C=CC=C2)C1=CC=C(F)C=C1	YVUQSNJEYSNKRX-UHFFFAOYSA-N	PTX140 | 1-(1-(4,4-bis(4-fluorophenyl)butyl)-4-piperidinyl)-1,3-dihydro-2H-Benzimidazol-2-one	16362
PTX141	Naproxen	22204-53-1	DTXSID4040686	COC1=CC2=CC=C(C=C2C=C1)[C@H](C)C(O)=O	CMWTZPSULFXXJA-VIFPVBQESA-N	PTX141 | Naproxen	156391
PTX142	Adriamycin hydrochloride	25316-40-9	DTXSID3030636	Cl.[H][C@@]1(C[C@H](N)[C@H](O)[C@H](C)O1)O[C@H]1C[C@@](O)(CC2=C(O)C3=C(C(O)=C12)C(=O)C1=C(OC)C=CC=C1C3=O)C(=O)CO	MWWSFMDVAYGXBV-RUELKSSGSA-N	PTX142 | Adriamycin hydrochloride	443939
PTX143	Bis(4-hydroxyphenyl)methane	620-92-8	DTXSID9022445	OC1=CC=C(CC2=CC=C(O)C=C2)C=C1	PXKLMJQFEQBVLD-UHFFFAOYSA-N	PTX143 | Bis(4-hydroxyphenyl)methane	12111
PTX144	Sorafenib	284461-73-0	DTXSID7041128	CNC(=O)C1=CC(OC2=CC=C(NC(=O)NC3=CC=C(Cl)C(=C3)C(F)(F)F)C=C2)=CC=N1	MLDQJTXFUGDVEO-UHFFFAOYSA-N	PTX144 | Sorafenib	216239
PTX145	Clomipramine	303-49-1	DTXSID6022844	CN(C)CCCN1C2=CC=CC=C2CCC2=CC=C(Cl)C=C12	GDLIGKIOYRNHDA-UHFFFAOYSA-N	PTX145 | Clomipramine	2801
PTX146	Lenvatinib	417716-92-8	DTXSID50194605	COC1=CC2=NC=CC(OC3=CC(Cl)=C(NC(=O)NC4CC4)C=C3)=C2C=C1C(N)=O	WOSKHXYHFSIKNG-UHFFFAOYSA-N	PTX146 | Lenvatinib	9823820
PTX147	Nadolol	42200-33-9	DTXSID3023342	CC(C)(C)NCC(O)COC1=CC=CC2=C1CC(O)C(O)C2	VWPOSFSPZNDTMJ-UHFFFAOYSA-N	PTX147 | Nadolol	4411
PTX150	Flecainide	54143-55-4	DTXSID8023054	FC(F)(F)COC1=CC(C(=O)NCC2CCCCN2)=C(OCC(F)(F)F)C=C1	DJBNUMBKLMJRSA-UHFFFAOYSA-N	PTX150 | Flecainide	3356
PTX151	Droperidol	548-73-2	DTXSID6022973	FC1=CC=C(C=C1)C(=O)CCCN1CCC(=CC1)N1C(=O)NC2=CC=CC=C12	RMEDXOLNCUSCGS-UHFFFAOYSA-N	PTX151 | Droperidol	3168
PTX152	Ethanol	64-17-5	DTXSID9020584	CCO	LFQSCWFLJHTTHZ-UHFFFAOYSA-N	PTX152 | Ethanol	702
PTX153	Hydroxyzine dihydrochloride	2192-20-3	DTXSID2040737	Cl.Cl.OCCOCCN1CCN(CC1)C(C1=CC=CC=C1)C1=CC=C(Cl)C=C1	ANOMHKZSQFYSBR-UHFFFAOYSA-N	PTX153 | Hydroxyzine dihydrochloride	91513
PTX155	Clarithromycin	81103-11-9	DTXSID3022829	CC[C@H]1OC(=O)[C@H](C)[C@@H](O[C@H]2C[C@@](C)(OC)[C@@H](O)[C@H](C)O2)[C@H](C)[C@@H](O[C@@H]2O[C@H](C)C[C@@H]([C@H]2O)N(C)C)[C@@](C)(C[C@@H](C)C(=O)[C@H](C)[C@@H](O)[C@]1(C)O)OC	AGOYDEPGAOXOCK-KCBOHYOISA-N	PTX155 | Clarithromycin	84029
PTX156	Dasatinib monohydrate	863127-77-9	DTXSID50235486	O.CC1=NC(=CC(NC2=NC=C(S2)C(=O)NC2=C(C)C=CC=C2Cl)=N1)N1CCN(CCO)CC1	XHXFZZNHDVTMLI-UHFFFAOYSA-N	PTX156 | Dasatinib monohydrate	11540687
PTX157	Fluconazole	86386-73-4	DTXSID3020627	OC(CN1C=NC=N1)(CN1C=NC=N1)C1=C(F)C=C(F)C=C1	RFHAOTPXVQNOHP-UHFFFAOYSA-N	PTX157 | Fluconazole	3365
PTX158	Methylparaben	99-76-3	DTXSID4022529	COC(=O)C1=CC=C(O)C=C1	LXCFILQKKLGQFO-UHFFFAOYSA-N	PTX158 | Methylparaben	7456
PTX159	3,3',5,5'-Tetrabromobisphenol A	79-94-7	DTXSID1026081	CC(C)(C1=CC(Br)=C(O)C(Br)=C1)C1=CC(Br)=C(O)C(Br)=C1	VEORPZCZECFIRK-UHFFFAOYSA-N	PTX159 | 3,3',5,5'-Tetrabromobisphenol A	6618
PTX160	3'-Azido-3'-deoxythymidine	30516-87-1	DTXSID8020127	CC1=CN([C@H]2C[C@H](N=[N+]=[N-])[C@@H](CO)O2)C(=O)NC1=O	HBOMLICNUCNMMY-XLPZGREQSA-N	PTX160 | 3'-Azido-3'-deoxythymidine	35370
PTX161	Amitriptyline hydrochloride	549-18-8	DTXSID9033187	Cl.CN(C)CCC=C1C2=C(CCC3=C1C=CC=C3)C=CC=C2	KFYRPLNVJVHZGT-UHFFFAOYSA-N	PTX161 | Amitriptyline hydrochloride	11065
PTX162	Enniatin B1	19914-20-6	DTXSID70891861	[H][C@@]1([C@@H](C)CC)N(C)C(=O)[C@H](OC(=O)[C@H](C(C)C)N(C)C(=O)[C@H](OC(=O)[C@H](C(C)C)N(C)C(=O)[C@H](OC1=O)C(C)C)C(C)C)C(C)C	UQCSETXJXJTMKO-UMURLBKASA-N	PTX162 | Enniatin B1	11262300
PTX163	Tunicamycin	11089-65-9	DTXSID8036730			PTX163 | Tunicamycin	20055059
PTX165	4-(4-Chlorophenyl)-2-phenyl-2-(1H-1,2,4-triazol-1-ylmethyl)butyronitrile	114369-43-6	DTXSID8032548	ClC1=CC=C(CCC(CN2C=NC=N2)(C#N)C2=CC=CC=C2)C=C1	RQDJADAKIFFEKQ-UHFFFAOYSA-N	PTX165 | 4-(4-Chlorophenyl)-2-phenyl-2-(1H-1,2,4-triazol-1-ylmethyl)butyronitrile	86138
PTX166	Triazole alanine (as metabolite of triazole compounds)	114419-45-3	DTXSID9058288	NC(CN1C=NC=N1)C(O)=O	XVWFTOJHOHJIMQ-UHFFFAOYSA-N	PTX166 | Triazole alanine (as metabolite of triazole compounds)	5216290
PTX167	Difenoconazole	119446-68-3	DTXSID4032372	CC1COC(CN2C=NC=N2)(O1)C1=C(Cl)C=C(OC2=CC=C(Cl)C=C2)C=C1	BQYJATMQXGBDHF-UHFFFAOYSA-N	PTX167 | Difenoconazole	86173
PTX168	Epoxiconazole	133855-98-8	DTXSID1040372	FC1=CC=C(C=C1)[C@@]1(CN2C=NC=N2)O[C@@H]1C1=C(Cl)C=CC=C1	ZMYFCFLJBGAQRS-RXQGYGPJNA-N	PTX168 | Epoxiconazole	107901
PTX169	Prothioconazole	178928-70-6	DTXSID4034869	OC(CN1N=CNC1=S)(CC1=C(Cl)C=CC=C1)C1(Cl)CC1	MNHVNIJQQRJYDH-UHFFFAOYSA-N	PTX169 | Prothioconazole	6451142
PTX171	1,2,4-Triazole-1-acetic acid	28711-29-7	DTXSID90365231	OC(=O)CN1C=NC=N1	RXDBSQXFIWBJSR-UHFFFAOYSA-N	PTX171 | 1,2,4-Triazole-1-acetic acid	1810180
PTX172	1H-1,2,4-Triazole	288-88-0	DTXSID6027131	N1C=NC=N1	NSPMIYGKQJPBQR-UHFFFAOYSA-N	PTX172 | 1H-1,2,4-Triazole	9257
PTX173	Chloroquine bis(phosphate)	50-63-5	DTXSID7044681	OP(O)(O)=O.OP(O)(O)=O.CCN(CC)CCCC(C)NC1=C2C=CC(Cl)=CC2=NC=C1	QKICWELGRMTQCR-UHFFFAOYSA-N	PTX173 | Chloroquine bis(phosphate)	64927
PTX174	Propiconazole	60207-90-1	DTXSID8024280	CCCC1COC(CN2C=NC=N2)(O1)C1=C(Cl)C=C(Cl)C=C1	STJLVHWMYQXCPB-UHFFFAOYSA-N	PTX174 | Propiconazole	43234
PTX175	Ketoconazole	65277-42-1	DTXSID7029879	CC(=O)N1CCN(CC1)C1=CC=C(OC[C@H]2CO[C@@](CN3C=CN=C3)(O2)C2=CC=C(Cl)C=C2Cl)C=C1	XMAYWYJOQHXEEK-OZXSUGGESA-N	PTX175 | Ketoconazole	3823
PTX176	Itraconazole	84625-61-6	DTXSID3023180	CCC(C)N1N=CN(C1=O)C1=CC=C(C=C1)N1CCN(CC1)C1=CC=C(OC[C@H]2CO[C@@](CN3C=NC=N3)(O2)C2=C(Cl)C=C(Cl)C=C2)C=C1	VHVPQPYKVGDNFY-ZPGVKDDISA-N	PTX176 | Itraconazole	3793
PTX177	Etaconazole	60207-93-4	DTXSID2041913	CCC1COC(CN2C=NC=N2)(O1)C1=C(Cl)C=C(Cl)C=C1	DWRKFAJEBUWTQM-UHFFFAOYSA-N	PTX177 | Etaconazole	91673
PTX178	Penconazole	66246-88-6	DTXSID8042260	CCCC(CN1C=NC=N1)C1=C(Cl)C=C(Cl)C=C1	WKBPZYKAUNRMKP-UHFFFAOYSA-N	PTX178 | Penconazole	91693
PTX179	Omeprazole	73590-58-6	DTXSID6021080	COC1=CC2=C(NC(=N2)S(=O)CC2=C(C)C(OC)=C(C)C=N2)C=C1	SUBDBMMJDZJVOS-UHFFFAOYSA-N	PTX179 | Omeprazole	4594
PTX180	Triamterene	396-01-0	DTXSID6021373	NC1=NC(N)=C2N=C(C(N)=NC2=N1)C1=CC=CC=C1	FNYLWPVRPXGIIP-UHFFFAOYSA-N	PTX180 | Triamterene	5546
PTX181	Sulfamethoxazole	723-46-6	DTXSID8026064	CC1=CC(NS(=O)(=O)C2=CC=C(N)C=C2)=NO1	JLKIGFTWXXRPMT-UHFFFAOYSA-N	PTX181 | Sulfamethoxazole	5329
PTX183	Adefovir dipivoxil	142340-99-6	DTXSID5046487	CC(C)(C)C(=O)OCOP(=O)(COCCN1C=NC2=C1N=CN=C2N)OCOC(=O)C(C)(C)C	WOZSCQDILHKSGG-UHFFFAOYSA-N	PTX183 | Adefovir dipivoxil	60871
PTX185	Rosiglitazone	122320-73-4	DTXSID7037131	CN(CCOC1=CC=C(CC2SC(=O)NC2=O)C=C1)C1=NC=CC=C1	YASAKCUCGLMORW-UHFFFAOYSA-N	PTX185 | Rosiglitazone	77999
PTX186	Pentamidine	100-33-4	DTXSID7023431	NC(=N)C1=CC=C(OCCCCCOC2=CC=C(C=C2)C(N)=N)C=C1	XDRYMKDFEDOLFX-UHFFFAOYSA-N	PTX186 | Pentamidine	4735
PTX187	Phenacetin	62-44-2	DTXSID1021116	CCOC1=CC=C(NC(C)=O)C=C1	CPJSUEIXXCENMM-UHFFFAOYSA-N	PTX187 | Phenacetin	4754
PTX188	Amoxicillin	26787-78-0	DTXSID3037044	[H][C@]12SC(C)(C)[C@@H](N1C(=O)[C@H]2NC(=O)[C@H](N)C1=CC=C(O)C=C1)C(O)=O	LSQZJLSUYDQPKJ-NJBDSQKTSA-N	PTX188 | Amoxicillin	33613
PTX191	Ciprofloxacin	85721-33-1	DTXSID8022824	OC(=O)C1=CN(C2CC2)C2=CC(N3CCNCC3)=C(F)C=C2C1=O	MYSWGUAQZAJSOK-UHFFFAOYSA-N	PTX191 | Ciprofloxacin	2764
PTX194	Ampicillin	69-53-4	DTXSID4022602	[H][C@]12SC(C)(C)[C@@H](N1C(=O)[C@H]2NC(=O)[C@H](N)C1=CC=CC=C1)C(O)=O	AVKUERGKIZMTKX-NJBDSQKTSA-N	PTX194 | Ampicillin	6249
PTX195	Enalapril	75847-73-3	DTXSID5022982	CCOC(=O)[C@H](CCC1=CC=CC=C1)N[C@@H](C)C(=O)N1CCC[C@H]1C(O)=O	GBXSMTUPTTWBMN-XIRDDKMYSA-N	PTX195 | Enalapril	5388962
PTX196	Irbesartan	138402-11-6	DTXSID0023169	CCCCC1=NC2(CCCC2)C(=O)N1CC1=CC=C(C=C1)C1=CC=CC=C1C1=NN=NN1	YOSHYTLCDANDAN-UHFFFAOYSA-N	PTX196 | Irbesartan	3749
PTX197	Furosemide	54-31-9	DTXSID6020648	NS(=O)(=O)C1=C(Cl)C=C(NCC2=CC=CO2)C(=C1)C(O)=O	ZZUFCTLCJUWOSV-UHFFFAOYSA-N	PTX197 | Furosemide	3440
PTX198	Acyclovir	59277-89-3	DTXSID1022556	NC1=NC(=O)C2=C(N1)N(COCCO)C=N2	MKUXAQIIEYXACX-UHFFFAOYSA-N	PTX198 | Acyclovir	135398513
PTX199	Ibuprofen	15687-27-1	DTXSID5020732	CC(C)CC1=CC=C(C=C1)C(C)C(O)=O	HEFNNWSXXWATRW-UHFFFAOYSA-N	PTX199 | Ibuprofen	3672
PTX200	Sulfadiazine	68-35-9	DTXSID7044130	NC1=CC=C(C=C1)S(=O)(=O)NC1=NC=CC=N1	SEEPANYCNGTZFQ-UHFFFAOYSA-N	PTX200 | Sulfadiazine	5215
PTX201	Tenofovir	147127-20-6	DTXSID9040132	SGOIRFVFHAKUTI-ZCFIWIBFSA-N	CC(CN1C=NC2=C(N=CN=C21)N)OCP(=O)(O)O	PTX201 | Tenofovir	21146529
PTX202	Pamidronic acid	40391-99-9	DTXSID4023414	NCCC(O)(P(O)(O)=O)P(O)(O)=O	WRUUGTRCQOWXEG-UHFFFAOYSA-N	PTX202 | Pamidronic acid	4674
PTX203	6PPD	793-24-8	DTXSID9025114	CC(C)CC(C)NC1=CC=C(NC2=CC=CC=C2)C=C1	ZZMVLMVFYMGSMY-UHFFFAOYSA-N	PTX203 | 6PPD	13101
PTX205	Terbutryn	886-50-0	DTXSID3024318	CCNC1=NC(SC)=NC(NC(C)(C)C)=N1	IROINLKCQGIITA-UHFFFAOYSA-N	PTX205 | Terbutryn	13450
PTX206	DEET	134-62-3	DTXSID2021995	CCN(CC)C(=O)C1=CC=CC(C)=C1	MMOXZBCLCQITDF-UHFFFAOYSA-N	PTX206 | DEET	4284
PTX208	Clopyralid	1702-17-6	DTXSID9029221	OC(=O)C1=C(Cl)C=CC(Cl)=N1	HUBANNPOLNYSAD-UHFFFAOYSA-N	PTX208 | Clopyralid	15553
PTX209	Ethofumesate	26225-79-6	DTXSID8034580	CCOC1OC2=C(C=C(OS(C)(=O)=O)C=C2)C1(C)C	IRCMYGHHKLLGHV-UHFFFAOYSA-N	PTX209 | Ethofumesate	33360
PTX212	Thiabendazole	148-79-8	DTXSID0021337	N1C2=C(C=CC=C2)N=C1C1=CSC=N1	WJCNZQLZVWNLKY-UHFFFAOYSA-N	PTX212 | Thiabendazole	5430
PTX214	Diuron	330-54-1	DTXSID0020446	CN(C)C(=O)NC1=CC(Cl)=C(Cl)C=C1	XMTQQYYKAHVGBJ-UHFFFAOYSA-N	PTX214 | Diuron	3120
PTX217	Flonicamid	158062-67-0	DTXSID8034611	FC(F)(F)C1=CC=NC=C1C(=O)NCC#N	RLQJEEJISHYWON-UHFFFAOYSA-N	PTX217 | Flonicamid	9834513
PTX219	Chlorantraniliprole	500008-45-7	DTXSID2044345	CNC(=O)C1=CC(Cl)=CC(C)=C1NC(=O)C1=CC(Br)=NN1C1=C(Cl)C=CC=N1	PSOVNZZNOMJUBI-UHFFFAOYSA-N	PTX219 | Chlorantraniliprole	11271640
PTX221	Cyprodinil	121552-61-2	DTXSID1032359	CC1=NC(NC2=CC=CC=C2)=NC(=C1)C1CC1	HAORKNGNJCEJBX-UHFFFAOYSA-N	PTX221 | Cyprodinil	86367
PTX222	Tramadol hydrochloride	36282-47-0	DTXSID7023691	Cl.COC1=CC=CC(=C1)[C@@]1(O)CCCC[C@@H]1CN(C)C	PPKXEPBICJTCRU-XMZRARIVSA-N	PTX222 | Tramadol hydrochloride	63013
PTX223	Sulisobenzone	4065-45-6	DTXSID2042436	COC1=C(C=C(C(=O)C2=CC=CC=C2)C(O)=C1)S(O)(=O)=O	CXVGEDCSTKKODG-UHFFFAOYSA-N	PTX223 | Sulisobenzone	19988
PTX224	1,3-Diphenylguanidine	102-06-7	DTXSID3025178	N=C(NC1=CC=CC=C1)NC1=CC=CC=C1	OWRCNXZUPFZXOS-UHFFFAOYSA-N	PTX224 | 1,3-Diphenylguanidine	7594
PTX225	2,4-Dichlorophenoxyacetic acid	94-75-7	DTXSID0020442	OC(=O)COC1=C(Cl)C=C(Cl)C=C1	OVSKIKFHRZPJSS-UHFFFAOYSA-N	PTX225 | 2,4-Dichlorophenoxyacetic acid	1486
PTX226	2-(4-Chloro-2-methylphenoxy)acetic acid	94-74-6	DTXSID4024195	CC1=C(OCC(O)=O)C=CC(Cl)=C1	WHKUVVPPKQRRBV-UHFFFAOYSA-N	PTX226 | 2-(4-Chloro-2-methylphenoxy)acetic acid	7204
PTX227	Perfluorohexanoic acid	307-24-4	DTXSID3031862	OC(=O)C(F)(F)C(F)(F)C(F)(F)C(F)(F)C(F)(F)F	PXUULQAPEKKVAH-UHFFFAOYSA-N	PTX227 | Perfluorohexanoic acid	67542
PTX230	Myclobutanil	88671-89-0	DTXSID8024315	CCCCC(CN1C=NC=N1)(C#N)C1=CC=C(Cl)C=C1	HZJKXKUJVSEEFU-UHFFFAOYSA-N	PTX230 | Myclobutanil	6336
PTX231	Fenhexamid	126833-17-8	DTXSID3032549	CC1(CCCCC1)C(=O)NC1=C(Cl)C(Cl)=C(O)C=C1	VDLGAVXLJYLFDH-UHFFFAOYSA-N	PTX231 | Fenhexamid	213031
PTX232	Pentachlorophenol	87-86-5	DTXSID7021106	OC1=C(Cl)C(Cl)=C(Cl)C(Cl)=C1Cl	IZUPBVBPLAPZRR-UHFFFAOYSA-N	PTX232 | Pentachlorophenol	992
PTX233	2,6-Dichlorobenzamide	2008-58-4	DTXSID7022170	NC(=O)C1=C(Cl)C=CC=C1Cl	JHSPCUHPSIUQRB-UHFFFAOYSA-N	PTX233 | 2,6-Dichlorobenzamide	16183
PTX258	Acetochlor	34256-82-1	DTXSID8023848	CCOCN(C(=O)CCl)C1=C(CC)C=CC=C1C	VTNQPKFIQCLBDU-UHFFFAOYSA-N	PTX258 | Acetochlor	1988
PTX235	Bisphenol E	 2081-08-5	DTXSID3047891	CC(C1=CC=C(O)C=C1)C1=CC=C(O)C=C1	HCNHNBLSNVSJTJ-UHFFFAOYSA-N	PTX235 | Bisphenol E	608116
PTX239	Bisphenol Z	843-55-0	DTXSID4047963	OC1=CC=C(C=C1)C1(CCCCC1)C1=CC=C(O)C=C1	SDDLEVPIDBLVHC-UHFFFAOYSA-N	PTX239 | Bisphenol Z	232446
