INPUT,FOUND_BY,DTXSID,PREFERRED_NAME,CASRN,INCHIKEY,IUPAC_NAME,SMILES,INCHI_STRING,MOLECULAR_FORMULA,AVERAGE_MASS
DTXSID6020226,DSSTox_Substance_Id,DTXSID6020226,Cadmium chloride,10108-64-2,YKYOUMDCQGMQQO-UHFFFAOYSA-L,Cadmium dichloride,[Cl-].[Cl-].[Cd++],"InChI=1S/Cd.2ClH/h;2*1H/q+2;;/p-2
",CdCl2,183.31
DTXSID4032611,DSSTox_Substance_Id,DTXSID4032611,Ethoprop,13194-48-4,VJYFKVYYMZPMAB-UHFFFAOYSA-N,"O-Ethyl S,S-dipropyl phosphorodithioate",CCCSP(=O)(OCC)SCCC,"InChI=1S/C8H19O2PS2/c1-4-7-12-11(9,10-6-3)13-8-5-2/h4-8H2,1-3H3
",C8H19O2PS2,242.33
DTXSID4020290,DSSTox_Substance_Id,DTXSID4020290,"[4-Chloro-6-(2,3-xylidino)-2-pyrimidinylthio]acetic acid",50892-23-4,SZRPDCCEHVWOJX-UHFFFAOYSA-N,"{[4-Chloro-6-(2,3-dimethylanilino)pyrimidin-2-yl]sulfanyl}acetic acid",CC1=C(C)C(NC2=NC(SCC(O)=O)=NC(Cl)=C2)=CC=C1,"InChI=1S/C14H14ClN3O2S/c1-8-4-3-5-10(9(8)2)16-12-6-11(15)17-14(18-12)21-7-13(19)20/h3-6H,7H2,1-2H3,(H,19,20)(H,16,17,18)
",C14H14ClN3O2S,323.8
DTXSID2021735,DSSTox_Substance_Id,DTXSID2021735,Dimethyl sulfoxide,67-68-5,IAZDPXIOMUYVGZ-UHFFFAOYSA-N,(Methanesulfinyl)methane,CS(C)=O,"InChI=1S/C2H6OS/c1-4(2)3/h1-2H3
",C2H6OS,78.13
DTXSID5020104,DSSTox_Substance_Id,DTXSID5020104,Sodium arsenite,7784-46-5,PTLRDCMBXHILCL-UHFFFAOYSA-M,N/A,[Na+].[O-][As]=O,"InChI=1S/AsHO2.Na/c2-1-3;/h(H,2,3);/q;+1/p-1
",AsNaO2,129.909
DTXSID5020027,DSSTox_Substance_Id,DTXSID5020027,Acrylamide,79-06-1,HRPVXLWXLXDGHG-UHFFFAOYSA-N,Prop-2-enamide,NC(=O)C=C,"InChI=1S/C3H5NO/c1-2-3(4)5/h2H,1H2,(H2,4,5)
",C3H5NO,71.079
DTXSID8025595,DSSTox_Substance_Id,DTXSID8025595,"N,N'-Methylenebisacrylamide",110-26-9,ZIUHHBKFKCYYJD-UHFFFAOYSA-N,"N,N'-Methylenedi(prop-2-enamide)",C=CC(=O)NCNC(=O)C=C,"InChI=1S/C7H10N2O2/c1-3-6(10)8-5-9-7(11)4-2/h3-4H,1-2,5H2,(H,8,10)(H,9,11)
",C7H10N2O2,154.169
DTXSID9027443,DSSTox_Substance_Id,DTXSID9027443,N-(Butoxymethyl)acrylamide,1852-16-0,UTSYWKJYFPPRAP-UHFFFAOYSA-N,N-(Butoxymethyl)prop-2-enamide,CCCCOCNC(=O)C=C,"InChI=1S/C8H15NO2/c1-3-5-6-11-7-9-8(10)4-2/h4H,2-3,5-7H2,1H3,(H,9,10)
",C8H15NO2,157.213
DTXSID2044848,DSSTox_Substance_Id,DTXSID2044848,N-(Isobutoxymethyl)acrylamide,16669-59-3,KCTMTGOHHMRJHZ-UHFFFAOYSA-N,N-[(2-Methylpropoxy)methyl]prop-2-enamide,CC(C)COCNC(=O)C=C,"InChI=1S/C8H15NO2/c1-4-8(10)9-6-11-5-7(2)3/h4,7H,1,5-6H2,2-3H3,(H,9,10)
",C8H15NO2,157.213
DTXSID10181258,DSSTox_Substance_Id,DTXSID10181258,"N,N-Diethylacrylamide",2675-94-7,OVHHHVAVHBHXAK-UHFFFAOYSA-N,"N,N-Diethylprop-2-enamide",CCN(CC)C(=O)C=C,"InChI=1S/C7H13NO/c1-4-7(9)8(5-2)6-3/h4H,1,5-6H2,2-3H3
",C7H13NO,127.187
DTXSID8029600,DSSTox_Substance_Id,DTXSID8029600,Methacrylamide,79-39-0,FQPSGWSUVKBHSU-UHFFFAOYSA-N,2-Methylprop-2-enamide,CC(=C)C(N)=O,"InChI=1S/C4H7NO/c1-3(2)4(5)6/h1H2,2H3,(H2,5,6)
",C4H7NO,85.106
DTXSID2029616,DSSTox_Substance_Id,DTXSID2029616,Imidazole,288-32-4,RAXXELZNTBOGNW-UHFFFAOYSA-N,1H-Imidazole,N1C=CN=C1,"InChI=1S/C3H4N2/c1-2-5-3-4-1/h1-3H,(H,4,5)
",C3H4N2,68.079
DTXSID9025617,DSSTox_Substance_Id,DTXSID9025617,4-Methylimidazole,822-36-6,XLSZMDLNRCVEIJ-UHFFFAOYSA-N,4-Methyl-1H-imidazole,CC1=CNC=N1,"InChI=1S/C4H6N2/c1-4-2-5-3-6-4/h2-3H,1H3,(H,5,6)
",C4H6N2,82.106
DTXSID4022107,DSSTox_Substance_Id,DTXSID4022107,2-Methylimidazole,693-98-1,LXBGSDVWAMZHDD-UHFFFAOYSA-N,2-Methyl-1H-imidazole,CC1=NC=CN1,"InChI=1S/C4H6N2/c1-4-5-2-3-6-4/h2-3H,1H3,(H,5,6)
",C4H6N2,82.106
DTXSID6052291,DSSTox_Substance_Id,DTXSID6052291,1-Methylimidazole,616-47-7,MCTWTZJPVLRJOU-UHFFFAOYSA-N,1-Methyl-1H-imidazole,CN1C=CN=C1,"InChI=1S/C4H6N2/c1-6-3-2-5-4-6/h2-4H,1H3
",C4H6N2,82.106
DTXSID2061939,DSSTox_Substance_Id,DTXSID2061939,"1H-Imidazole, 1,2-dimethyl-",1739-84-0,GIWQSPITLQVMSG-UHFFFAOYSA-N,"1,2-Dimethyl-1H-imidazole",CN1C=CN=C1C,"InChI=1S/C5H8N2/c1-5-6-3-4-7(5)2/h3-4H,1-2H3
",C5H8N2,96.133
DTXSID9044744,DSSTox_Substance_Id,DTXSID9044744,2-Ethyl-4-methyl-1H-imidazole,931-36-2,ULKLGIFJWFIQFF-UHFFFAOYSA-N,2-Ethyl-4-methyl-1H-imidazole,CCC1=NC(C)=CN1,"InChI=1S/C6H10N2/c1-3-6-7-4-5(2)8-6/h4H,3H2,1-2H3,(H,7,8)
",C6H10N2,110.16
DTXSID7063685,DSSTox_Substance_Id,DTXSID7063685,1H-Imidazole-1-propanamine,5036-48-6,KDHWOCLBMVSZPG-UHFFFAOYSA-N,3-(1H-Imidazol-1-yl)propan-1-amine,NCCCN1C=CN=C1,"InChI=1S/C6H11N3/c7-2-1-4-9-5-3-8-6-9/h3,5-6H,1-2,4,7H2
",C6H11N3,125.175
DTXSID6023523,DSSTox_Substance_Id,DTXSID6023523,Propofol,2078-54-8,OLBCVFGFOZPWHH-UHFFFAOYSA-N,"2,6-Di(propan-2-yl)phenol",CC(C)C1=CC=CC(C(C)C)=C1O,"InChI=1S/C12H18O/c1-8(2)10-6-5-7-11(9(3)4)12(10)13/h5-9,13H,1-4H3
",C12H18O,178.275
DTXSID0020232,DSSTox_Substance_Id,DTXSID0020232,Caffeine,58-08-2,RYYVLZVUVIJVGH-UHFFFAOYSA-N,"1,3,7-Trimethyl-3,7-dihydro-1H-purine-2,6-dione",CN1C=NC2=C1C(=O)N(C)C(=O)N2C,"InChI=1S/C8H10N4O2/c1-10-4-9-6-5(10)7(13)12(3)8(14)11(6)2/h4H,1-3H3
",C8H10N4O2,194.194
DTXSID9021841,DSSTox_Substance_Id,DTXSID9021841,N-Methylaniline,100-61-8,AFBPFSWMIHJQDM-UHFFFAOYSA-N,N-Methylaniline,CNC1=CC=CC=C1,"InChI=1S/C7H9N/c1-8-7-5-3-2-4-6-7/h2-6,8H,1H3
",C7H9N,107.156
DTXSID40167363,DSSTox_Substance_Id,DTXSID40167363,Fingolimod,162359-55-9,KKGQTZUTZRNORY-UHFFFAOYSA-N,"2-Amino-2-[2-(4-octylphenyl)ethyl]propane-1,3-diol",CCCCCCCCC1=CC=C(CCC(N)(CO)CO)C=C1,"InChI=1S/C19H33NO2/c1-2-3-4-5-6-7-8-17-9-11-18(12-10-17)13-14-19(20,15-21)16-22/h9-12,21-22H,2-8,13-16,20H2,1H3
",C19H33NO2,307.478
DTXSID0032493,DSSTox_Substance_Id,DTXSID0032493,Triadimenol,55219-65-3,BAZVSMNPJJMILC-UHFFFAOYSA-N,"1-(4-Chlorophenoxy)-3,3-dimethyl-1-(1H-1,2,4-triazol-1-yl)butan-2-ol",CC(C)(C)C(O)C(OC1=CC=C(Cl)C=C1)N1C=NC=N1,"InChI=1/C14H18ClN3O2/c1-14(2,3)12(19)13(18-9-16-8-17-18)20-11-6-4-10(15)5-7-11/h4-9,12-13,19H,1-3H3
",C14H18ClN3O2,295.77
DTXSID4020458,DSSTox_Substance_Id,DTXSID4020458,Chlorpyrifos,2921-88-2,SBPBAQFWLVIOKP-UHFFFAOYSA-N,"O,O-Diethyl O-(3,5,6-trichloropyridin-2-yl) phosphorothioate",CCOP(=S)(OCC)OC1=NC(Cl)=C(Cl)C=C1Cl,"InChI=1S/C9H11Cl3NO3PS/c1-3-14-17(18,15-4-2)16-9-7(11)5-6(10)8(12)13-9/h5H,3-4H2,1-2H3
",C9H11Cl3NO3PS,350.57
DTXSID1038666,DSSTox_Substance_Id,DTXSID1038666,Chlorpyrifos oxon,5598-15-2,OTMOUPHCTWPNSL-UHFFFAOYSA-N,"Diethyl 3,5,6-trichloropyridin-2-yl phosphate",CCOP(=O)(OCC)OC1=NC(Cl)=C(Cl)C=C1Cl,"InChI=1S/C9H11Cl3NO4P/c1-3-15-18(14,16-4-2)17-9-7(11)5-6(10)8(12)13-9/h5H,3-4H2,1-2H3
",C9H11Cl3NO4P,334.51
DTXSID5022308,DSSTox_Substance_Id,DTXSID5022308,Genistein,446-72-0,TZBJGXHYKVUXJN-UHFFFAOYSA-N,"5,7-Dihydroxy-3-(4-hydroxyphenyl)-4H-1-benzopyran-4-one",OC1=CC=C(C=C1)C1=COC2=C(C(O)=CC(O)=C2)C1=O,"InChI=1S/C15H10O5/c16-9-3-1-8(2-4-9)11-7-20-13-6-10(17)5-12(18)14(13)15(11)19/h1-7,16-18H
",C15H10O5,270.24
DTXSID1023368,DSSTox_Substance_Id,DTXSID1023368,Niflumic acid,4394-00-7,JZFPYUNJRRFVQU-UHFFFAOYSA-N,2-[3-(Trifluoromethyl)anilino]pyridine-3-carboxylic acid,OC(=O)C1=CC=CN=C1NC1=CC=CC(=C1)C(F)(F)F,"InChI=1S/C13H9F3N2O2/c14-13(15,16)8-3-1-4-9(7-8)18-11-10(12(19)20)5-2-6-17-11/h1-7H,(H,17,18)(H,19,20)
",C13H9F3N2O2,282.222
DTXSID1036541,DSSTox_Substance_Id,DTXSID1036541,Pregnenolone,145-13-1,ORNBQBCIOKFOEO-QGVNFLHTSA-N,3beta-Hydroxypregn-5-en-20-one,[H][C@@]12CC[C@H](C(C)=O)[C@@]1(C)CC[C@@]1([H])[C@@]2([H])CC=C2C[C@@H](O)CC[C@]12C,"InChI=1S/C21H32O2/c1-13(22)17-6-7-18-16-5-4-14-12-15(23)8-10-20(14,2)19(16)9-11-21(17,18)3/h4,15-19,23H,5-12H2,1-3H3/t15-,16-,17+,18-,19-,20-,21+/m0/s1
",C21H32O2,316.485
DTXSID3020384,DSSTox_Substance_Id,DTXSID3020384,Dexamethasone,50-02-2,UREBDLICKHMUKA-CXSFZGCWSA-N,"9-Fluoro-11beta,17,21-trihydroxy-16alpha-methylpregna-1,4-diene-3,20-dione",[H][C@@]12C[C@@H](C)[C@](O)(C(=O)CO)[C@@]1(C)C[C@H](O)[C@@]1(F)[C@@]2([H])CCC2=CC(=O)C=C[C@]12C,"InChI=1S/C22H29FO5/c1-12-8-16-15-5-4-13-9-14(25)6-7-19(13,2)21(15,23)17(26)10-20(16,3)22(12,28)18(27)11-24/h6-7,9,12,15-17,24,26,28H,4-5,8,10-11H2,1-3H3/t12-,15+,16+,17+,19+,20+,21+,22+/m1/s1
",C22H29FO5,392.467
DTXSID5020601,DSSTox_Substance_Id,DTXSID5020601,"4,5-Dihydro-2-mercaptoimidazole",96-45-7,PDQAZBWRQCGBEV-UHFFFAOYSA-N,Imidazolidine-2-thione,S=C1NCCN1,"InChI=1S/C3H6N2S/c6-3-4-1-2-5-3/h1-2H2,(H2,4,5,6)
",C3H6N2S,102.16
DTXSID4021975,DSSTox_Substance_Id,DTXSID4021975,Diphenylamine,122-39-4,DMBHHRLKUKUOEG-UHFFFAOYSA-N,N-Phenylaniline,N(C1=CC=CC=C1)C1=CC=CC=C1,"InChI=1S/C12H11N/c1-3-7-11(8-4-1)13-12-9-5-2-6-10-12/h1-10,13H
",C12H11N,169.227
DTXSID50110042,DSSTox_Substance_Id,DTXSID50110042,Atorvastatin calcium trihydrate,344423-98-9,SHZPNDRIDUBNMH-NIJVSVLQSA-L,"Calcium (3R,5R)-7-[2-(4-fluorophenyl)-3-phenyl-4-(phenylcarbamoyl)-5-(propan-2-yl)-1H-pyrrol-1-yl]-3,5-dihydroxyheptanoate--water (1/2/3)",O.O.O.[Ca++].CC(C)C1=C(C(=O)NC2=CC=CC=C2)C(=C(N1CC[C@@H](O)C[C@@H](O)CC([O-])=O)C1=CC=C(F)C=C1)C1=CC=CC=C1.CC(C)C1=C(C(=O)NC2=CC=CC=C2)C(=C(N1CC[C@@H](O)C[C@@H](O)CC([O-])=O)C1=CC=C(F)C=C1)C1=CC=CC=C1,"InChI=1S/2C33H35FN2O5.Ca.3H2O/c2*1-21(2)31-30(33(41)35-25-11-7-4-8-12-25)29(22-9-5-3-6-10-22)32(23-13-15-24(34)16-14-23)36(31)18-17-26(37)19-27(38)20-28(39)40;;;;/h2*3-16,21,26-27,37-38H,17-20H2,1-2H3,(H,35,41)(H,39,40);;3*1H2/q;;+2;;;/p-2/t2*26-,27-;;;;/m11..../s1
",C66H74CaF2N4O13,1209.408
DTXSID7020635,DSSTox_Substance_Id,DTXSID7020635,Fluoxetine hydrochloride,56296-78-7,GIYXAJPCNFJEHY-UHFFFAOYSA-N,N-Methyl-3-phenyl-3-[4-(trifluoromethyl)phenoxy]propan-1-amine--hydrogen chloride (1/1),Cl.CNCCC(OC1=CC=C(C=C1)C(F)(F)F)C1=CC=CC=C1,"InChI=1/C17H18F3NO.ClH/c1-21-12-11-16(13-5-3-2-4-6-13)22-15-9-7-14(8-10-15)17(18,19)20;/h2-10,16,21H,11-12H2,1H3;1H
",C17H19ClF3NO,345.79
DTXSID1020930,DSSTox_Substance_Id,DTXSID1020930,(-)-Nicotine,54-11-5,SNICXCGAKADSCV-JTQLQIEISA-N,3-[(2S)-1-Methylpyrrolidin-2-yl]pyridine,CN1CCC[C@H]1C1=CN=CC=C1,"InChI=1S/C10H14N2/c1-12-7-3-5-10(12)9-4-2-6-11-8-9/h2,4,6,8,10H,3,5,7H2,1H3/t10-/m0/s1
",C10H14N2,162.236
DTXSID6023733,DSSTox_Substance_Id,DTXSID6023733,Valproic acid,99-66-1,NIJJYAXOARWZEE-UHFFFAOYSA-N,2-Propylpentanoic acid,CCCC(CCC)C(O)=O,"InChI=1S/C8H16O2/c1-3-5-7(6-4-2)8(9)10/h7H,3-6H2,1-2H3,(H,9,10)
",C8H16O2,144.214
DTXSID2034095,DSSTox_Substance_Id,DTXSID2034095,Verapamil hydrochloride,152-11-4,DOQPXTMNIUCOSY-UHFFFAOYSA-N,"2-(3,4-Dimethoxyphenyl)-5-{[2-(3,4-dimethoxyphenyl)ethyl](methyl)amino}-2-(propan-2-yl)pentanenitrile--hydrogen chloride (1/1)",Cl.COC1=CC=C(CCN(C)CCCC(C#N)(C(C)C)C2=CC=C(OC)C(OC)=C2)C=C1OC,"InChI=1/C27H38N2O4.ClH/c1-20(2)27(19-28,22-10-12-24(31-5)26(18-22)33-7)14-8-15-29(3)16-13-21-9-11-23(30-4)25(17-21)32-6;/h9-12,17-18,20H,8,13-16H2,1-7H3;1H
",C27H39ClN2O4,491.07
DTXSID6022923,DSSTox_Substance_Id,DTXSID6022923,Diclofenac,15307-86-5,DCOPUUMXTXDBNB-UHFFFAOYSA-N,"[2-(2,6-Dichloroanilino)phenyl]acetic acid",OC(=O)CC1=C(NC2=C(Cl)C=CC=C2Cl)C=CC=C1,"InChI=1S/C14H11Cl2NO2/c15-10-5-3-6-11(16)14(10)17-12-7-2-1-4-9(12)8-13(18)19/h1-7,17H,8H2,(H,18,19)
",C14H11Cl2NO2,296.15
DTXSID7020182,DSSTox_Substance_Id,DTXSID7020182,Bisphenol A,80-05-7,IISBACLAFKSPIT-UHFFFAOYSA-N,"4,4'-(Propane-2,2-diyl)diphenol",CC(C)(C1=CC=C(O)C=C1)C1=CC=C(O)C=C1,"InChI=1S/C15H16O2/c1-15(2,11-3-7-13(16)8-4-11)12-5-9-14(17)10-6-12/h3-10,16-17H,1-2H3
",C15H16O2,228.291
DTXSID1040661,DSSTox_Substance_Id,DTXSID1040661,Clofibric acid,882-09-7,TXCGAZHTZHNUAI-UHFFFAOYSA-N,2-(4-Chlorophenoxy)-2-methylpropanoic acid,CC(C)(OC1=CC=C(Cl)C=C1)C(O)=O,"InChI=1S/C10H11ClO3/c1-10(2,9(12)13)14-8-5-3-7(11)4-6-8/h3-6H,1-2H3,(H,12,13)
",C10H11ClO3,214.65
DTXSID4024729,DSSTox_Substance_Id,DTXSID4024729,Carbendazim,10605-21-7,TWFZGCMQGLPBSX-UHFFFAOYSA-N,Methyl 1H-benzimidazol-2-ylcarbamate,COC(=O)NC1=NC2=CC=CC=C2N1,"InChI=1S/C9H9N3O2/c1-14-9(13)12-8-10-6-4-2-3-5-7(6)11-8/h2-5H,1H3,(H2,10,11,12,13)
",C9H9N3O2,191.19
DTXSID3027403,DSSTox_Substance_Id,DTXSID3027403,Tributyltin chloride,1461-22-9,GCTFWCDSFPMHHS-UHFFFAOYSA-M,Tributyl(chloro)stannane,CCCC[Sn](Cl)(CCCC)CCCC,"InChI=1S/3C4H9.ClH.Sn/c3*1-3-4-2;;/h3*1,3-4H2,2H3;1H;/q;;;;+1/p-1
",C12H27ClSn,325.51
DTXSID9047542,DSSTox_Substance_Id,DTXSID9047542,Picoxystrobin,117428-22-5,IBSNKSODLGJUMQ-SDNWHVSQSA-N,Methyl (2E)-3-methoxy-2-[2-({[6-(trifluoromethyl)pyridin-2-yl]oxy}methyl)phenyl]prop-2-enoate,CO\C=C(\C(=O)OC)C1=C(COC2=NC(=CC=C2)C(F)(F)F)C=CC=C1,"InChI=1S/C18H16F3NO4/c1-24-11-14(17(23)25-2)13-7-4-3-6-12(13)10-26-16-9-5-8-15(22-16)18(19,20)21/h3-9,11H,10H2,1-2H3/b14-11+
",C18H16F3NO4,367.324
DTXSID1024097,DSSTox_Substance_Id,DTXSID1024097,2-Butoxyethanol,111-76-2,POAOYUHQDCAZBD-UHFFFAOYSA-N,2-Butoxyethan-1-ol,CCCCOCCO,"InChI=1S/C6H14O2/c1-2-3-5-8-6-4-7/h7H,2-6H2,1H3
",C6H14O2,118.176
DTXSID10146483,DSSTox_Substance_Id,DTXSID10146483,HC Yellow no. 13,10442-83-8,NJZCRXQWPNNJNB-UHFFFAOYSA-N,2-[2-Nitro-4-(trifluoromethyl)anilino]ethan-1-ol,OCCNC1=C(C=C(C=C1)C(F)(F)F)[N+]([O-])=O,"InChI=1S/C9H9F3N2O3/c10-9(11,12)6-1-2-7(13-3-4-15)8(5-6)14(16)17/h1-2,5,13,15H,3-4H2
",C9H9F3N2O3,250.177
DTXSID1034187,DSSTox_Substance_Id,DTXSID1034187,Tamoxifen,10540-29-1,NKANXQFJJICGDU-QPLCGJKRSA-N,"2-{4-[(1Z)-1,2-Diphenylbut-1-en-1-yl]phenoxy}-N,N-dimethylethan-1-amine",CC\C(=C(/C1=CC=CC=C1)C1=CC=C(OCCN(C)C)C=C1)C1=CC=CC=C1,"InChI=1S/C26H29NO/c1-4-25(21-11-7-5-8-12-21)26(22-13-9-6-10-14-22)23-15-17-24(18-16-23)28-20-19-27(2)3/h5-18H,4,19-20H2,1-3H3/b26-25-
",C26H29NO,371.524
DTXSID5020499,DSSTox_Substance_Id,DTXSID5020499,"N,N-Dimethylacetamide",127-19-5,FXHOOIRPVKKKFG-UHFFFAOYSA-N,"N,N-Dimethylacetamide",CN(C)C(C)=O,"InChI=1S/C4H9NO/c1-4(6)5(2)3/h1-3H3
",C4H9NO,87.122
DTXSID9020112,DSSTox_Substance_Id,DTXSID9020112,Atrazine,1912-24-9,MXWJVTOOROXGIU-UHFFFAOYSA-N,"6-Chloro-N~2~-ethyl-N~4~-(propan-2-yl)-1,3,5-triazine-2,4-diamine",CCNC1=NC(NC(C)C)=NC(Cl)=N1,"InChI=1S/C8H14ClN5/c1-4-10-7-12-6(9)13-8(14-7)11-5(2)3/h5H,4H2,1-3H3,(H2,10,11,12,13,14)
",C8H14ClN5,215.69
DTXSID8024151,DSSTox_Substance_Id,DTXSID8024151,Imazalil,35554-44-0,PZBPKYOVPCNPJY-UHFFFAOYSA-N,"1-{2-(2,4-Dichlorophenyl)-2-[(prop-2-en-1-yl)oxy]ethyl}-1H-imidazole",ClC1=CC(Cl)=C(C=C1)C(CN1C=CN=C1)OCC=C,"InChI=1/C14H14Cl2N2O/c1-2-7-19-14(9-18-6-5-17-10-18)12-4-3-11(15)8-13(12)16/h2-6,8,10,14H,1,7,9H2
",C14H14Cl2N2O,297.18
DTXSID0020365,DSSTox_Substance_Id,DTXSID0020365,Cyclosporin A,59865-13-3,PMATZTZNYRCHOR-CGLBZJNRSA-N,"(3S,6S,9S,12R,15S,18S,21S,24S,30S,33S)-30-Ethyl-33-[(1R,2R,4E)-1-hydroxy-2-methylhex-4-en-1-yl]-1,4,7,10,12,15,19,25,28-nonamethyl-6,9,18,24-tetrakis(2-methylpropyl)-3,21-di(propan-2-yl)-1,4,7,10,13,16,19,22,25,28,31-undecaazacyclotritriacontane-2,5,8,11,14,17,20,23,26,29,32-undecone",[H][C@@]1([C@H](O)[C@H](C)C\C=C\C)N(C)C(=O)[C@H](C(C)C)N(C)C(=O)[C@H](CC(C)C)N(C)C(=O)[C@H](CC(C)C)N(C)C(=O)[C@@H](C)NC(=O)[C@H](C)NC(=O)[C@H](CC(C)C)N(C)C(=O)[C@@H](NC(=O)[C@H](CC(C)C)N(C)C(=O)CN(C)C(=O)[C@H](CC)NC1=O)C(C)C,"InChI=1S/C62H111N11O12/c1-25-27-28-40(15)52(75)51-56(79)65-43(26-2)58(81)67(18)33-48(74)68(19)44(29-34(3)4)55(78)66-49(38(11)12)61(84)69(20)45(30-35(5)6)54(77)63-41(16)53(76)64-42(17)57(80)70(21)46(31-36(7)8)59(82)71(22)47(32-37(9)10)60(83)72(23)50(39(13)14)62(85)73(51)24/h25,27,34-47,49-52,75H,26,28-33H2,1-24H3,(H,63,77)(H,64,76)(H,65,79)(H,66,78)/b27-25+/t40-,41+,42-,43+,44+,45+,46+,47+,49+,50+,51+,52-/m1/s1
",C62H111N11O12,1202.635
DTXSID6021321,DSSTox_Substance_Id,DTXSID6021321,Tetracycline hydrochloride,64-75-5,XMEVHPAGJVLHIG-FMZCEJRJSA-N,"(4S,4aS,5aS,6S,12aS)-4-(Dimethylamino)-3,6,10,12,12a-pentahydroxy-6-methyl-1,11-dioxo-1,4,4a,5,5a,6,11,12a-octahydrotetracene-2-carboxamide--hydrogen chloride (1/1)",Cl.CN(C)[C@H]1[C@@H]2C[C@H]3C(=C(O)[C@]2(O)C(=O)C(C(N)=O)=C1O)C(=O)C1=C(C=CC=C1O)[C@@]3(C)O,"InChI=1S/C22H24N2O8.ClH/c1-21(31)8-5-4-6-11(25)12(8)16(26)13-9(21)7-10-15(24(2)3)17(27)14(20(23)30)19(29)22(10,32)18(13)28;/h4-6,9-10,15,25,27-28,31-32H,7H2,1-3H3,(H2,23,30);1H/t9-,10-,15-,21+,22-;/m0./s1
",C22H25ClN2O8,480.9
DTXSID50872532,DSSTox_Substance_Id,DTXSID50872532,"2,5-Diaminotoluene sulfate",615-50-9,KZTWOUOZKZQDMN-UHFFFAOYSA-N,"2-Methylbenzene-1,4-bis(aminium) sulfate",[O-]S([O-])(=O)=O.CC1=C([NH3+])C=CC([NH3+])=C1,"InChI=1S/C7H10N2.H2O4S/c1-5-4-6(8)2-3-7(5)9;1-5(2,3)4/h2-4H,8-9H2,1H3;(H2,1,2,3,4)
",C7H12N2O4S,220.24
DTXSID6020515,DSSTox_Substance_Id,DTXSID6020515,"N,N-Dimethylformamide",68-12-2,ZMXDDKWLCZADIW-UHFFFAOYSA-N,"N,N-Dimethylformamide",CN(C)C=O,"InChI=1S/C3H7NO/c1-4(2)3-5/h3H,1-2H3
",C3H7NO,73.095
DTXSID90232939,DSSTox_Substance_Id,DTXSID90232939,"N,N'-Bis(2-hydroxyethyl)-2-nitro-p-phenylenediamine",84041-77-0,HWQZRURILVPDGN-UHFFFAOYSA-N,"2,2'-[(2-Nitro-1,4-phenylene)bis(azanediyl)]di(ethan-1-ol)",OCCNC1=CC(=C(NCCO)C=C1)[N+]([O-])=O,"InChI=1S/C10H15N3O4/c14-5-3-11-8-1-2-9(12-4-6-15)10(7-8)13(16)17/h1-2,7,11-12,14-15H,3-6H2
",C10H15N3O4,241.247
DTXSID0032601,DSSTox_Substance_Id,DTXSID0032601,Cyproconazole,94361-06-5,UFNOUKDBUJZYDE-UHFFFAOYSA-N,"2-(4-Chlorophenyl)-3-cyclopropyl-1-(1H-1,2,4-triazol-1-yl)butan-2-ol",CC(C1CC1)C(O)(CN1C=NC=N1)C1=CC=C(Cl)C=C1,"InChI=1/C15H18ClN3O/c1-11(12-2-3-12)15(20,8-19-10-17-9-18-19)13-4-6-14(16)7-5-13/h4-7,9-12,20H,2-3,8H2,1H3
",C15H18ClN3O,291.78
DTXSID8024498,DSSTox_Substance_Id,DTXSID8024498,2-Aminophenol,95-55-6,CDAWCLOXVUBKRW-UHFFFAOYSA-N,2-Aminophenol,NC1=C(O)C=CC=C1,"InChI=1S/C6H7NO/c7-5-3-1-2-4-6(5)8/h1-4,8H,7H2
",C6H7NO,109.128
DTXSID2048581,DSSTox_Substance_Id,DTXSID2048581,Tigecycline,220620-09-7,FPZLLRFZJZRHSY-HJYUBDRYSA-N,"(4S,4aS,5aR,12aS)-9-[(N-tert-Butylglycyl)amino]-4,7-bis(dimethylamino)-3,10,12,12a-tetrahydroxy-1,11-dioxo-1,4,4a,5,5a,6,11,12a-octahydrotetracene-2-carboxamide",CN(C)[C@H]1[C@@H]2C[C@@H]3CC4=C(C(O)=C(NC(=O)CNC(C)(C)C)C=C4N(C)C)C(=O)C3=C(O)[C@]2(O)C(=O)C(C(N)=O)=C1O,"InChI=1S/C29H39N5O8/c1-28(2,3)31-11-17(35)32-15-10-16(33(4)5)13-8-12-9-14-21(34(6)7)24(38)20(27(30)41)26(40)29(14,42)25(39)18(12)23(37)19(13)22(15)36/h10,12,14,21,31,36,38-39,42H,8-9,11H2,1-7H3,(H2,30,41)(H,32,35)/t12-,14-,21-,29-/m0/s1
",C29H39N5O8,585.658
DTXSID6021248,DSSTox_Substance_Id,DTXSID6021248,Rotenone,83-79-4,JUVIOZPCNVVQFO-HBGVWJBISA-N,"(2R,6aS,12aS)-8,9-Dimethoxy-2-(prop-1-en-2-yl)-1,2,12,12a-tetrahydrofuro[2',3':7,8][1]benzopyrano[2,3-c][1]benzopyran-6(6aH)-one",[H][C@@]12COC3=C(C=C(OC)C(OC)=C3)[C@]1([H])C(=O)C1=CC=C3O[C@H](CC3=C1O2)C(C)=C,"InChI=1S/C23H22O6/c1-11(2)16-8-14-15(28-16)6-5-12-22(24)21-13-7-18(25-3)19(26-4)9-17(13)27-10-20(21)29-23(12)14/h5-7,9,16,20-21H,1,8,10H2,2-4H3/t16-,20-,21+/m1/s1
",C23H22O6,394.423
DTXSID2020006,DSSTox_Substance_Id,DTXSID2020006,Acetaminophen,103-90-2,RZVAJINKPMORJF-UHFFFAOYSA-N,N-(4-Hydroxyphenyl)acetamide,CC(=O)NC1=CC=C(O)C=C1,"InChI=1S/C8H9NO2/c1-6(10)9-7-2-4-8(11)5-3-7/h2-5,11H,1H3,(H,9,10)
",C8H9NO2,151.165
DTXSID2038310,DSSTox_Substance_Id,DTXSID2038310,"2,4,4'-Trichlorobiphenyl",7012-37-5,BZTYNSQSZHARAZ-UHFFFAOYSA-N,"2,4,4'-Trichloro-1,1'-biphenyl",ClC1=CC=C(C=C1)C1=C(Cl)C=C(Cl)C=C1,"InChI=1S/C12H7Cl3/c13-9-3-1-8(2-4-9)11-6-5-10(14)7-12(11)15/h1-7H
",C12H7Cl3,257.54
DTXSID5061457,DSSTox_Substance_Id,DTXSID5061457,"1H-Imidazole, 2-ethyl-",1072-62-4,PQAMFDRRWURCFQ-UHFFFAOYSA-N,2-Ethyl-1H-imidazole,CCC1=NC=CN1,"InChI=1S/C5H8N2/c1-2-5-6-3-4-7-5/h3-4H,2H2,1H3,(H,6,7)
",C5H8N2,96.133
DTXSID10221209,DSSTox_Substance_Id,DTXSID10221209,1-Ethyl-1H-imidazole,7098-07-9,IWDFHWZHHOSSGR-UHFFFAOYSA-N,1-Ethyl-1H-imidazole,CCN1C=CN=C1,"InChI=1S/C5H8N2/c1-2-7-4-3-6-5-7/h3-5H,2H2,1H3
",C5H8N2,96.133
DTXSID0061458,DSSTox_Substance_Id,DTXSID0061458,"1H-Imidazole, 1-ethenyl-",1072-63-5,OSSNTDFYBPYIEC-UHFFFAOYSA-N,1-Ethenyl-1H-imidazole,C=CN1C=CN=C1,"InChI=1S/C5H6N2/c1-2-7-4-3-6-5-7/h2-5H,1H2
",C5H6N2,94.117
DTXSID0021389,DSSTox_Substance_Id,DTXSID0021389,Trichlorfon,52-68-6,NFACJZMKEDPNKN-UHFFFAOYSA-N,"Dimethyl (2,2,2-trichloro-1-hydroxyethyl)phosphonate",COP(=O)(OC)C(O)C(Cl)(Cl)Cl,"InChI=1/C4H8Cl3O4P/c1-10-12(9,11-2)3(8)4(5,6)7/h3,8H,1-2H3
",C4H8Cl3O4P,257.43
DTXSID8020541,DSSTox_Substance_Id,DTXSID8020541,"5,5-Diphenylhydantoin",57-41-0,CXOFVDLJLONNDW-UHFFFAOYSA-N,"5,5-Diphenylimidazolidine-2,4-dione",O=C1NC(=O)C(N1)(C1=CC=CC=C1)C1=CC=CC=C1,"InChI=1S/C15H12N2O2/c18-13-15(17-14(19)16-13,11-7-3-1-4-8-11)12-9-5-2-6-10-12/h1-10H,(H2,16,17,18,19)
",C15H12N2O2,252.273
DTXSID9032113,DSSTox_Substance_Id,DTXSID9032113,Tebuconazole,107534-96-3,PXMNMQRDXWABCY-UHFFFAOYSA-N,"1-(4-Chlorophenyl)-4,4-dimethyl-3-[(1H-1,2,4-triazol-1-yl)methyl]pentan-3-ol",CC(C)(C)C(O)(CCC1=CC=C(Cl)C=C1)CN1C=NC=N1,"InChI=1/C16H22ClN3O/c1-15(2,3)16(21,10-20-12-18-11-19-20)9-8-13-4-6-14(17)7-5-13/h4-7,11-12,21H,8-10H2,1-3H3
",C16H22ClN3O,307.82
DTXSID6020690,DSSTox_Substance_Id,DTXSID6020690,Hexachlorophene,70-30-4,ACGUYXCXAPNIKK-UHFFFAOYSA-N,"2,2'-Methylenebis(3,4,6-trichlorophenol)",OC1=C(CC2=C(Cl)C(Cl)=CC(Cl)=C2O)C(Cl)=C(Cl)C=C1Cl,"InChI=1S/C13H6Cl6O2/c14-6-2-8(16)12(20)4(10(6)18)1-5-11(19)7(15)3-9(17)13(5)21/h2-3,20-21H,1H2
",C13H6Cl6O2,406.89
DTXSID9040712,DSSTox_Substance_Id,DTXSID9040712,Triethyltin bromide,2767-54-6,KQPIFPBKXYBDGV-UHFFFAOYSA-M,Bromo(triethyl)stannane,CC[Sn](Br)(CC)CC,"InChI=1S/3C2H5.BrH.Sn/c3*1-2;;/h3*1H2,2H3;1H;/q;;;;+1/p-1
",C6H15BrSn,285.8
DTXSID8031865,DSSTox_Substance_Id,DTXSID8031865,Perfluorooctanoic acid,335-67-1,SNGREZUHAYWORS-UHFFFAOYSA-N,Pentadecafluorooctanoic acid,OC(=O)C(F)(F)C(F)(F)C(F)(F)C(F)(F)C(F)(F)C(F)(F)C(F)(F)F,"InChI=1S/C8HF15O2/c9-2(10,1(24)25)3(11,12)4(13,14)5(15,16)6(17,18)7(19,20)8(21,22)23/h(H,24,25)
",C8HF15O2,414.07
DTXSID7021239,DSSTox_Substance_Id,DTXSID7021239,Retinoic acid,302-79-4,SHGAZHPCJJPHSC-YCNIQYBTSA-N,Retinoic acid,C\C(\C=C\C1=C(C)CCCC1(C)C)=C/C=C/C(/C)=C/C(O)=O,"InChI=1S/C20H28O2/c1-15(8-6-9-16(2)14-19(21)22)11-12-18-17(3)10-7-13-20(18,4)5/h6,8-9,11-12,14H,7,10,13H2,1-5H3,(H,21,22)/b9-6+,12-11+,15-8+,16-14+
",C20H28O2,300.442
DTXSID4034150,DSSTox_Substance_Id,DTXSID4034150,Haloperidol,52-86-8,LNEPOXFFQSENCJ-UHFFFAOYSA-N,4-[4-(4-Chlorophenyl)-4-hydroxypiperidin-1-yl]-1-(4-fluorophenyl)butan-1-one,OC1(CCN(CCCC(=O)C2=CC=C(F)C=C2)CC1)C1=CC=C(Cl)C=C1,"InChI=1S/C21H23ClFNO2/c22-18-7-5-17(6-8-18)21(26)11-14-24(15-12-21)13-1-2-20(25)16-3-9-19(23)10-4-16/h3-10,26H,1-2,11-15H2
",C21H23ClFNO2,375.87
DTXSID7024827,DSSTox_Substance_Id,DTXSID7024827,Chlorpromazine hydrochloride,69-09-0,FBSMERQALIEGJT-UHFFFAOYSA-N,"3-(2-Chloro-10H-phenothiazin-10-yl)-N,N-dimethylpropan-1-amine--hydrogen chloride (1/1)",Cl.CN(C)CCCN1C2=C(SC3=C1C=C(Cl)C=C3)C=CC=C2,"InChI=1S/C17H19ClN2S.ClH/c1-19(2)10-5-11-20-14-6-3-4-7-16(14)21-17-9-8-13(18)12-15(17)20;/h3-4,6-9,12H,5,10-11H2,1-2H3;1H
",C17H20Cl2N2S,355.32
DTXSID4022731,DSSTox_Substance_Id,DTXSID4022731,Carbamazepine,298-46-4,FFGPTBGBLSHEPO-UHFFFAOYSA-N,"5H-Dibenzo[b,f]azepine-5-carboxamide",NC(=O)N1C2=CC=CC=C2C=CC2=CC=CC=C12,"InChI=1S/C15H12N2O/c16-15(18)17-13-7-3-1-5-11(13)9-10-12-6-2-4-8-14(12)17/h1-10H,(H2,16,18)
",C15H12N2O,236.274
DTXSID5032442,DSSTox_Substance_Id,DTXSID5032442,Imidacloprid,138261-41-3,YWTYJOPNNQFBPC-UHFFFAOYSA-N,N-{(2E)-1-[(6-Chloropyridin-3-yl)methyl]imidazolidin-2-ylidene}nitramide,[O-][N+](=O)\N=C1/NCCN1CC1=CN=C(Cl)C=C1,"InChI=1S/C9H10ClN5O2/c10-8-2-1-7(5-12-8)6-14-4-3-11-9(14)13-15(16)17/h1-2,5H,3-4,6H2,(H,11,13)
",C9H10ClN5O2,255.66
DTXSID4034609,DSSTox_Substance_Id,DTXSID4034609,Fipronil,120068-37-3,ZOCSXAVNDGMNBV-UHFFFAOYSA-N,"5-Amino-1-[2,6-dichloro-4-(trifluoromethyl)phenyl]-4-(trifluoromethanesulfinyl)-1H-pyrazole-3-carbonitrile",NC1=C(C(=NN1C1=C(Cl)C=C(C=C1Cl)C(F)(F)F)C#N)S(=O)C(F)(F)F,"InChI=1/C12H4Cl2F6N4OS/c13-5-1-4(11(15,16)17)2-6(14)8(5)24-10(22)9(7(3-21)23-24)26(25)12(18,19)20/h1-2H,22H2
",C12H4Cl2F6N4OS,437.14
DTXSID2034962,DSSTox_Substance_Id,DTXSID2034962,Thiamethoxam,153719-23-4,NWWZPOKUUAIXIW-UHFFFAOYSA-N,"N-{3-[(2-Chloro-1,3-thiazol-5-yl)methyl]-5-methyl-1,3,5-oxadiazinan-4-ylidene}nitramide",CN1COCN(CC2=CN=C(Cl)S2)C1=N[N+]([O-])=O,"InChI=1S/C8H10ClN5O3S/c1-12-4-17-5-13(8(12)11-14(15)16)3-6-2-10-7(9)18-6/h2H,3-5H2,1H3
",C8H10ClN5O3S,291.71
DTXSID0032520,DSSTox_Substance_Id,DTXSID0032520,Azoxystrobin,131860-33-8,WFDXOXNFNRHQEC-GHRIWEEISA-N,Methyl (2E)-2-(2-{[6-(2-cyanophenoxy)pyrimidin-4-yl]oxy}phenyl)-3-methoxyprop-2-enoate,CO\C=C(\C(=O)OC)C1=CC=CC=C1OC1=CC(OC2=CC=CC=C2C#N)=NC=N1,"InChI=1S/C22H17N3O5/c1-27-13-17(22(26)28-2)16-8-4-6-10-19(16)30-21-11-20(24-14-25-21)29-18-9-5-3-7-15(18)12-23/h3-11,13-14H,1-2H3/b17-13+
",C22H17N3O5,403.394
DTXSID0030956,DSSTox_Substance_Id,DTXSID0030956,Camptothecin,7689-03-4,VSJKWCGYPAHWDS-FQEVSTJZSA-N,"(4S)-4-Ethyl-4-hydroxy-1H-pyrano[3',4':6,7]indolizino[1,2-b]quinoline-3,14(4H,12H)-dione",CC[C@@]1(O)C(=O)OCC2=C1C=C1N(CC3=CC4=C(C=CC=C4)N=C13)C2=O,"InChI=1S/C20H16N2O4/c1-2-20(25)14-8-16-17-12(7-11-5-3-4-6-15(11)21-17)9-22(16)18(23)13(14)10-26-19(20)24/h3-8,25H,2,9-10H2,1H3/t20-/m0/s1
",C20H16N2O4,348.358
DTXSID1021322,DSSTox_Substance_Id,DTXSID1021322,Tetraethylthiuram disulfide,97-77-8,AUZONCFQVSMFAP-UHFFFAOYSA-N,N/A,CCN(CC)C(=S)SSC(=S)N(CC)CC,"InChI=1S/C10H20N2S4/c1-5-11(6-2)9(13)15-16-10(14)12(7-3)8-4/h5-8H2,1-4H3
",C10H20N2S4,296.52
DTXSID4040682,DSSTox_Substance_Id,DTXSID4040682,Mebendazole,31431-39-7,OPXLLQIJSORQAM-UHFFFAOYSA-N,Methyl (5-benzoyl-1H-benzimidazol-2-yl)carbamate,COC(=O)NC1=NC2=C(N1)C=CC(=C2)C(=O)C1=CC=CC=C1,"InChI=1S/C16H13N3O3/c1-22-16(21)19-15-17-12-8-7-11(9-13(12)18-15)14(20)10-5-3-2-4-6-10/h2-9H,1H3,(H2,17,18,19,21)
",C16H13N3O3,295.298
DTXSID8022826,DSSTox_Substance_Id,DTXSID8022826,Citalopram,59729-33-8,WSEQXVZVJXJVFP-UHFFFAOYSA-N,"1-[3-(Dimethylamino)propyl]-1-(4-fluorophenyl)-1,3-dihydro-2-benzofuran-5-carbonitrile",CN(C)CCCC1(OCC2=CC(=CC=C12)C#N)C1=CC=C(F)C=C1,"InChI=1/C20H21FN2O/c1-23(2)11-3-10-20(17-5-7-18(21)8-6-17)19-9-4-15(13-22)12-16(19)14-24-20/h4-9,12H,3,10-11,14H2,1-2H3
",C20H21FN2O,324.399
DTXSID1045166,DSSTox_Substance_Id,DTXSID1045166,Lidocaine,137-58-6,NNJVILVZKWQKPM-UHFFFAOYSA-N,"N-(2,6-Dimethylphenyl)-N~2~,N~2~-diethylglycinamide",CCN(CC)CC(=O)NC1=C(C)C=CC=C1C,"InChI=1S/C14H22N2O/c1-5-16(6-2)10-13(17)15-14-11(3)8-7-9-12(14)4/h7-9H,5-6,10H2,1-4H3,(H,15,17)
",C14H22N2O,234.343
DTXSID6024888,DSSTox_Substance_Id,DTXSID6024888,Cyclophosphamide monohydrate,6055-19-2,PWOQRKCAHTVFLB-UHFFFAOYSA-N,"2-[Bis(2-chloroethyl)amino]-1,3,2lambda~5~-oxazaphosphinan-2-one--water (1/1)",O.ClCCN(CCCl)P1(=O)NCCCO1,"InChI=1/C7H15Cl2N2O2P.H2O/c8-2-5-11(6-3-9)14(12)10-4-1-7-13-14;/h1-7H2,(H,10,12);1H2
",C7H17Cl2N2O3P,279.1
DTXSID5021209,DSSTox_Substance_Id,DTXSID5021209,6-Propyl-2-thiouracil,51-52-5,KNAHARQHSZJURB-UHFFFAOYSA-N,"6-Propyl-2-sulfanylidene-2,3-dihydropyrimidin-4(1H)-one",CCCC1=CC(=O)NC(=S)N1,"InChI=1S/C7H10N2OS/c1-2-3-5-4-6(10)9-7(11)8-5/h4H,2-3H2,1H3,(H2,8,9,10,11)
",C7H10N2OS,170.23
DTXSID4020820,DSSTox_Substance_Id,DTXSID4020820,Methimazole,60-56-0,PMRYVIKBURPHAH-UHFFFAOYSA-N,"1-Methyl-1,3-dihydro-2H-imidazole-2-thione",CN1C=CNC1=S,"InChI=1S/C4H6N2S/c1-6-3-2-5-4(6)7/h2-3H,1H3,(H,5,7)
",C4H6N2S,114.17
DTXSID9020116,DSSTox_Substance_Id,DTXSID9020116,5-Azacytidine,320-67-2,NMUSYJAQQFHJEW-KVTDHHQDSA-N,"4-Amino-1-beta-D-ribofuranosyl-1,3,5-triazin-2(1H)-one",NC1=NC(=O)N(C=N1)[C@@H]1O[C@H](CO)[C@@H](O)[C@H]1O,"InChI=1S/C8H12N4O5/c9-7-10-2-12(8(16)11-7)6-5(15)4(14)3(1-13)17-6/h2-6,13-15H,1H2,(H2,9,11,16)/t3-,4-,5-,6-/m1/s1
",C8H12N4O5,244.207
DTXSID3022877,DSSTox_Substance_Id,DTXSID3022877,Cytarabine,147-94-4,UHDGCWIWMRVCDJ-CCXZUQQUSA-N,4-Amino-1-beta-D-arabinofuranosylpyrimidin-2(1H)-one,NC1=NC(=O)N(C=C1)[C@@H]1O[C@H](CO)[C@@H](O)[C@@H]1O,"InChI=1S/C9H13N3O5/c10-5-1-2-12(9(16)11-5)8-7(15)6(14)4(3-13)17-8/h1-2,4,6-8,13-15H,3H2,(H2,10,11,16)/t4-,6-,7+,8-/m1/s1
",C9H13N3O5,243.219
DTXSID6025438,DSSTox_Substance_Id,DTXSID6025438,Hydroxyurea,127-07-1,VSNHCAURESNICA-UHFFFAOYSA-N,N-Hydroxyurea,NC(=O)NO,"InChI=1S/CH4N2O2/c2-1(4)3-5/h5H,(H3,2,3,4)
",CH4N2O2,76.055
DTXSID5024845,DSSTox_Substance_Id,DTXSID5024845,Colchicine,64-86-8,IAKHMKGGTNLKSZ-INIZCTEOSA-N,"N-[(7S)-1,2,3,10-Tetramethoxy-9-oxo-5,6,7,9-tetrahydrobenzo[a]heptalen-7-yl]acetamide",COC1=CC2=C(C(OC)=C1OC)C1=CC=C(OC)C(=O)C=C1[C@H](CC2)NC(C)=O,"InChI=1S/C22H25NO6/c1-12(24)23-16-8-6-13-10-19(27-3)21(28-4)22(29-5)20(13)14-7-9-18(26-2)17(25)11-15(14)16/h7,9-11,16H,6,8H2,1-5H3,(H,23,24)/t16-/m0/s1
",C22H25NO6,399.443
DTXSID0020107,DSSTox_Substance_Id,DTXSID0020107,Aspartame,22839-47-0,IAOZJIPTCAWIRG-QWRGUYRKSA-N,Methyl L-alpha-aspartyl-L-phenylalaninate,COC(=O)[C@H](CC1=CC=CC=C1)NC(=O)[C@@H](N)CC(O)=O,"InChI=1S/C14H18N2O5/c1-21-14(20)11(7-9-5-3-2-4-6-9)16-13(19)10(15)8-12(17)18/h2-6,10-11H,7-8,15H2,1H3,(H,16,19)(H,17,18)/t10-,11-/m0/s1
",C14H18N2O5,294.307
DTXSID2020634,DSSTox_Substance_Id,DTXSID2020634,5-Fluorouracil,51-21-8,GHASVSINZRGABV-UHFFFAOYSA-N,"5-Fluoropyrimidine-2,4(1H,3H)-dione",FC1=CNC(=O)NC1=O,"InChI=1S/C4H3FN2O2/c5-2-1-6-4(9)7-3(2)8/h1H,(H2,6,7,8,9)
",C4H3FN2O2,130.078
DTXSID4020822,DSSTox_Substance_Id,DTXSID4020822,Methotrexate,59-05-2,FBOZXECLQNJBKD-ZDUSSCGKSA-N,"N-(4-{[(2,4-Diaminopteridin-6-yl)methyl](methyl)amino}benzoyl)-L-glutamic acid",CN(CC1=NC2=C(N=C1)N=C(N)N=C2N)C1=CC=C(C=C1)C(=O)N[C@@H](CCC(O)=O)C(O)=O,"InChI=1S/C20H22N8O5/c1-28(9-11-8-23-17-15(24-11)16(21)26-20(22)27-17)12-4-2-10(3-5-12)18(31)25-13(19(32)33)6-7-14(29)30/h2-5,8,13H,6-7,9H2,1H3,(H,25,31)(H,29,30)(H,32,33)(H4,21,22,23,26,27)/t13-/m0/s1
",C20H22N8O5,454.447
DTXSID7033105,DSSTox_Substance_Id,DTXSID7033105,5-Bromo-2'-deoxyuridine,59-14-3,WOVKYSAHUYNSMH-RRKCRQDMSA-N,5-Bromo-2'-deoxyuridine,OC[C@H]1O[C@H](C[C@@H]1O)N1C=C(Br)C(=O)NC1=O,"InChI=1S/C9H11BrN2O5/c10-4-2-12(9(16)11-8(4)15)7-1-5(14)6(3-13)17-7/h2,5-7,13-14H,1,3H2,(H,11,15,16)/t5-,6+,7+/m0/s1
",C9H11BrN2O5,307.1
DTXSID5020576,DSSTox_Substance_Id,DTXSID5020576,17alpha-Ethinylestradiol,57-63-6,BFPYWIDHMRZLRN-SLHNCBLASA-N,"17alpha-19-Norpregna-1,3,5(10)-trien-20-yne-3,17-diol",[H][C@@]12CC[C@@](O)(C#C)[C@@]1(C)CC[C@]1([H])C3=C(CC[C@@]21[H])C=C(O)C=C3,"InChI=1S/C20H24O2/c1-3-20(22)11-9-18-17-6-4-13-12-14(21)5-7-15(13)16(17)8-10-19(18,20)2/h1,5,7,12,16-18,21-22H,4,6,8-11H2,2H3/t16-,17-,18+,19+,20+/m1/s1
",C20H24O2,296.41
DTXSID5020366,DSSTox_Substance_Id,DTXSID5020366,Cyproterone acetate,427-51-0,UWFYSQMTEOIJJG-FDTZYFLXSA-N,"(1R,3aS,3bR,7aR,8aS,8bS,8cS,10aS)-1-Acetyl-5-chloro-8b,10a-dimethyl-7-oxo-1,2,3,3a,3b,7,7a,8,8a,8b,8c,9,10,10a-tetradecahydrocyclopenta[a]cyclopropa[g]phenanthren-1-yl acetate",CC(=O)O[C@@]1(CC[C@H]2[C@@H]3C=C(Cl)C4=CC(=O)[C@@H]5C[C@@H]5[C@]4(C)[C@H]3CC[C@]12C)C(C)=O,"InChI=1S/C24H29ClO4/c1-12(26)24(29-13(2)27)8-6-16-14-10-20(25)19-11-21(28)15-9-18(15)23(19,4)17(14)5-7-22(16,24)3/h10-11,14-18H,5-9H2,1-4H3/t14-,15+,16-,17-,18-,22-,23-,24-/m0/s1
",C24H29ClO4,416.94
DTXSID3022370,DSSTox_Substance_Id,DTXSID3022370,Progesterone,57-83-0,RJKFOVLPORLFTN-LEKSSAKUSA-N,"Pregn-4-ene-3,20-dione",[H][C@@]12CC[C@H](C(C)=O)[C@@]1(C)CC[C@@]1([H])[C@@]2([H])CCC2=CC(=O)CC[C@]12C,"InChI=1S/C21H30O2/c1-13(22)17-6-7-18-16-5-4-14-12-15(23)8-10-20(14,2)19(16)9-11-21(17,18)3/h12,16-19H,4-11H2,1-3H3/t16-,17+,18-,19-,20-,21+/m0/s1
",C21H30O2,314.469
DTXSID6034186,DSSTox_Substance_Id,DTXSID6034186,Spironolactone,52-01-7,LXMSZDCAJNLERA-ZHYRCANASA-N,"S-[(1R,3aS,3bR,4R,9aR,9bS,11aS)-9a,11a-Dimethyl-5',7-dioxo-2,3,3a,3b,4,5,7,8,9,9a,9b,10,11,11a-tetradecahydrospiro[cyclopenta[a]phenanthrene-1,2'-oxolan]-4-yl] ethanethioate",[H][C@@]12CC[C@@]3(CCC(=O)O3)[C@@]1(C)CC[C@@]1([H])[C@@]2([H])[C@@H](CC2=CC(=O)CC[C@]12C)SC(C)=O,"InChI=1S/C24H32O4S/c1-14(25)29-19-13-15-12-16(26)4-8-22(15,2)17-5-9-23(3)18(21(17)19)6-10-24(23)11-7-20(27)28-24/h12,17-19,21H,4-11,13H2,1-3H3/t17-,18-,19+,21+,22-,23-,24+/m0/s1
",C24H32O4S,416.58
DTXSID1033664,DSSTox_Substance_Id,DTXSID1033664,17-Methyltestosterone,58-18-4,GCKMFJBGXUYNAG-HLXURNFRSA-N,17beta-Hydroxy-17alpha-methylandrost-4-en-3-one,[H][C@@]12CC[C@](C)(O)[C@@]1(C)CC[C@@]1([H])[C@@]2([H])CCC2=CC(=O)CC[C@]12C,"InChI=1S/C20H30O2/c1-18-9-6-14(21)12-13(18)4-5-15-16(18)7-10-19(2)17(15)8-11-20(19,3)22/h12,15-17,22H,4-11H2,1-3H3/t15-,16+,17+,18+,19+,20+/m1/s1
",C20H30O2,302.458
DTXSID3020625,DSSTox_Substance_Id,DTXSID3020625,Finasteride,98319-26-7,DBEPLOCGEIEOCV-WSBQPABSSA-N,"(4aR,4bS,6aS,7S,9aS,9bS,11aR)-N-tert-Butyl-4a,6a-dimethyl-2-oxo-2,4a,4b,5,6,6a,7,8,9,9a,9b,10,11,11a-tetradecahydro-1H-indeno[5,4-f]quinoline-7-carboxamide",CC(C)(C)NC(=O)[C@H]1CC[C@H]2[C@@H]3CC[C@H]4NC(=O)C=C[C@]4(C)[C@H]3CC[C@]12C,"InChI=1S/C23H36N2O2/c1-21(2,3)25-20(27)17-8-7-15-14-6-9-18-23(5,13-11-19(26)24-18)16(14)10-12-22(15,17)4/h11,13-18H,6-10,12H2,1-5H3,(H,24,26)(H,25,27)/t14-,15-,16-,17+,18+,22-,23+/m0/s1
",C23H36N2O2,372.553
DTXSID4032613,DSSTox_Substance_Id,DTXSID4032613,Fenitrothion,122-14-5,ZNOLGFHPUIJIMJ-UHFFFAOYSA-N,"O,O-Dimethyl O-(3-methyl-4-nitrophenyl) phosphorothioate",COP(=S)(OC)OC1=CC=C(C(C)=C1)[N+]([O-])=O,"InChI=1S/C9H12NO5PS/c1-7-6-8(4-5-9(7)10(11)12)15-16(17,13-2)14-3/h4-6H,1-3H3
",C9H12NO5PS,277.23
DTXSID9022366,DSSTox_Substance_Id,DTXSID9022366,Estriol,50-27-1,PROQIPRRNZUXQM-ZXXIGWHRSA-N,"Estra-1,3,5(10)-triene-3,16alpha,17beta-triol",C[C@]12CC[C@H]3[C@@H](CCC4=C3C=CC(O)=C4)[C@@H]1C[C@@H](O)[C@@H]2O,"InChI=1S/C18H24O3/c1-18-7-6-13-12-5-3-11(19)8-10(12)2-4-14(13)15(18)9-16(20)17(18)21/h3,5,8,13-17,19-21H,2,4,6-7,9H2,1H3/t13-,14-,15+,16-,17+,18+/m1/s1
",C18H24O3,288.387
DTXSID9037246,DSSTox_Substance_Id,DTXSID9037246,Metformin hydrochloride,1115-70-4,OETHQSJEHLVLGH-UHFFFAOYSA-N,"N,N-Dimethyltriimidodicarbonic diamide--hydrogen chloride (1/1)",Cl.CN(C)C(=N)NC(N)=N,"InChI=1S/C4H11N5.ClH/c1-9(2)4(7)8-3(5)6;/h1-2H3,(H5,5,6,7,8);1H
",C4H12ClN5,165.63
DTXSID1034185,DSSTox_Substance_Id,DTXSID1034185,Sodium perchlorate,7601-89-0,BAZAXWOYCMUHIX-UHFFFAOYSA-M,Sodium perchlorate,[Na+].[O-][Cl](=O)(=O)=O,"InChI=1S/ClHO4.Na/c2-1(3,4)5;/h(H,2,3,4,5);/q;+1/p-1
",ClNaO4,122.44
DTXSID4022361,DSSTox_Substance_Id,DTXSID4022361,Vinclozolin,50471-44-8,FSCWZHGZWWDELK-UHFFFAOYSA-N,"3-(3,5-Dichlorophenyl)-5-ethenyl-5-methyl-1,3-oxazolidine-2,4-dione",CC1(OC(=O)N(C1=O)C1=CC(Cl)=CC(Cl)=C1)C=C,"InChI=1/C12H9Cl2NO3/c1-3-12(2)10(16)15(11(17)18-12)9-5-7(13)4-8(14)6-9/h3-6H,1H2,2H3
",C12H9Cl2NO3,286.11
DTXSID2045232,DSSTox_Substance_Id,DTXSID2045232,Tiratricol,51-24-1,UOWZUVNAGUAEQC-UHFFFAOYSA-N,"[4-(4-Hydroxy-3-iodophenoxy)-3,5-diiodophenyl]acetic acid",OC(=O)CC1=CC(I)=C(OC2=CC(I)=C(O)C=C2)C(I)=C1,"InChI=1S/C14H9I3O4/c15-9-6-8(1-2-12(9)18)21-14-10(16)3-7(4-11(14)17)5-13(19)20/h1-4,6,18H,5H2,(H,19,20)
",C14H9I3O4,621.935
DTXSID7032004,DSSTox_Substance_Id,DTXSID7032004,Flutamide,13311-84-7,MKXKFYHWDHIYRV-UHFFFAOYSA-N,2-Methyl-N-[4-nitro-3-(trifluoromethyl)phenyl]propanamide,CC(C)C(=O)NC1=CC(=C(C=C1)[N+]([O-])=O)C(F)(F)F,"InChI=1S/C11H11F3N2O3/c1-6(2)10(17)15-7-3-4-9(16(18)19)8(5-7)11(12,13)14/h3-6H,1-2H3,(H,15,17)
",C11H11F3N2O3,276.215
DTXSID4022367,DSSTox_Substance_Id,DTXSID4022367,Estrone,53-16-7,DNXHEGUUPJUMQT-CBZIJGRNSA-N,"3-Hydroxyestra-1,3,5(10)-trien-17-one",[H][C@@]12CCC(=O)[C@@]1(C)CC[C@]1([H])C3=C(CC[C@@]21[H])C=C(O)C=C3,"InChI=1S/C18H22O2/c1-18-9-8-14-13-5-3-12(19)10-11(13)2-4-15(14)16(18)6-7-17(18)20/h3,5,10,14-16,19H,2,4,6-9H2,1H3/t14-,15-,16+,18+/m1/s1
",C18H22O2,270.372
DTXSID8022371,DSSTox_Substance_Id,DTXSID8022371,Testosterone,58-22-0,MUMGGOZAMZWBJJ-DYKIIFRCSA-N,17beta-Hydroxyandrost-4-en-3-one,[H][C@@]12CC[C@H](O)[C@@]1(C)CC[C@@]1([H])[C@@]2([H])CCC2=CC(=O)CC[C@]12C,"InChI=1S/C19H28O2/c1-18-9-7-13(20)11-12(18)3-4-14-15-5-6-17(21)19(15,2)10-8-16(14)18/h11,14-17,21H,3-10H2,1-2H3/t14-,15-,16-,17-,18-,19-/m0/s1
",C19H28O2,288.431
DTXSID2024163,DSSTox_Substance_Id,DTXSID2024163,Linuron,330-55-2,XKJMBINCVNINCA-UHFFFAOYSA-N,"N'-(3,4-Dichlorophenyl)-N-methoxy-N-methylurea",CON(C)C(=O)NC1=CC=C(Cl)C(Cl)=C1,"InChI=1S/C9H10Cl2N2O2/c1-13(15-2)9(14)12-6-3-4-7(10)8(11)5-6/h3-5H,1-2H3,(H,12,14)
",C9H10Cl2N2O2,249.09
DTXSID0034192,DSSTox_Substance_Id,DTXSID0034192,17beta-Trenbolone,10161-33-8,MEHHPFQKXOUFFV-OWSLCNJRSA-N,"17beta-Hydroxyestra-4,9,11-trien-3-one",[H][C@@]12CC[C@H](O)[C@@]1(C)C=CC1=C3CCC(=O)C=C3CC[C@@]21[H],"InChI=1S/C18H22O2/c1-18-9-8-14-13-5-3-12(19)10-11(13)2-4-15(14)16(18)6-7-17(18)20/h8-10,15-17,20H,2-7H2,1H3/t15-,16+,17+,18+/m1/s1
",C18H22O2,270.372
DTXSID1034181,DSSTox_Substance_Id,DTXSID1034181,Raloxifene hydrochloride,82640-04-8,BKXVVCILCIUCLG-UHFFFAOYSA-N,[6-Hydroxy-2-(4-hydroxyphenyl)-1-benzothiophen-3-yl]{4-[2-(piperidin-1-yl)ethoxy]phenyl}methanone--hydrogen chloride (1/1),Cl.OC1=CC=C(C=C1)C1=C(C(=O)C2=CC=C(OCCN3CCCCC3)C=C2)C2=CC=C(O)C=C2S1,"InChI=1S/C28H27NO4S.ClH/c30-21-8-4-20(5-9-21)28-26(24-13-10-22(31)18-25(24)34-28)27(32)19-6-11-23(12-7-19)33-17-16-29-14-2-1-3-15-29;/h4-13,18,30-31H,1-3,14-17H2;1H
",C28H28ClNO4S,510.05
DTXSID9022364,DSSTox_Substance_Id,DTXSID9022364,5alpha-Dihydrotestosterone,521-18-6,NVKAWKQGWWIWPM-ABEVXSGRSA-N,17beta-Hydroxy-5alpha-androstan-3-one,[H][C@@]12CC[C@H](O)[C@@]1(C)CC[C@@]1([H])[C@@]2([H])CC[C@@]2([H])CC(=O)CC[C@]12C,"InChI=1S/C19H30O2/c1-18-9-7-13(20)11-12(18)3-4-14-15-5-6-17(21)19(15,2)10-8-16(14)18/h12,14-17,21H,3-11H2,1-2H3/t12-,14-,15-,16-,17-,18-,19-/m0/s1
",C19H30O2,290.447
DTXSID9022607,DSSTox_Substance_Id,DTXSID9022607,Anastrozole,120511-73-1,YBBLVLTVTVSKRW-UHFFFAOYSA-N,"2,2'-{5-[(1H-1,2,4-Triazol-1-yl)methyl]-1,3-phenylene}bis(2-methylpropanenitrile)",CC(C)(C#N)C1=CC(=CC(CN2C=NC=N2)=C1)C(C)(C)C#N,"InChI=1S/C17H19N5/c1-16(2,9-18)14-5-13(8-22-12-20-11-21-22)6-15(7-14)17(3,4)10-19/h5-7,11-12H,8H2,1-4H3
",C17H19N5,293.374
DTXSID7020714,DSSTox_Substance_Id,DTXSID7020714,Hydrocortisone,50-23-7,JYGXADMDTFJGBT-VWUMJDOOSA-N,"11,17,21-Trihydroxypregn-4-ene-3,20-dione",[H][C@@]12CC[C@](O)(C(=O)CO)[C@@]1(C)C[C@H](O)[C@@]1([H])[C@@]2([H])CCC2=CC(=O)CC[C@]12C,"InChI=1S/C21H30O5/c1-19-7-5-13(23)9-12(19)3-4-14-15-6-8-21(26,17(25)11-22)20(15,2)10-16(24)18(14)19/h9,14-16,18,22,24,26H,3-8,10-11H2,1-2H3/t14-,15-,16-,18+,19-,20-,21-/m0/s1
",C21H30O5,362.466
DTXSID1023314,DSSTox_Substance_Id,DTXSID1023314,Metyrapone,54-36-4,FJLBFSROUSIWMA-UHFFFAOYSA-N,"2-Methyl-1,2-di(pyridin-3-yl)propan-1-one",CC(C)(C(=O)C1=CN=CC=C1)C1=CN=CC=C1,"InChI=1S/C14H14N2O/c1-14(2,12-6-4-8-16-10-12)13(17)11-5-3-7-15-9-11/h3-10H,1-2H3
",C14H14N2O,226.279
DTXSID8023214,DSSTox_Substance_Id,DTXSID8023214,Levothyroxine,51-48-9,XUIIKFGFIJCVMT-LBPRGKRZSA-N,"O-(4-Hydroxy-3,5-diiodophenyl)-3,5-diiodo-L-tyrosine",N[C@@H](CC1=CC(I)=C(OC2=CC(I)=C(O)C(I)=C2)C(I)=C1)C(O)=O,"InChI=1S/C15H11I4NO4/c16-8-4-7(5-9(17)13(8)21)24-14-10(18)1-6(2-11(14)19)3-12(20)15(22)23/h1-2,4-5,12,21H,3,20H2,(H,22,23)/t12-/m0/s1
",C15H11I4NO4,776.874
DTXSID7022419,DSSTox_Substance_Id,DTXSID7022419,Aldosterone,52-39-1,PQSUYGKTWSAVDQ-ZVIOFETBSA-N,"11beta,21-Dihydroxy-3,20-dioxopregn-4-en-18-al",[H][C@@]12CC[C@H](C(=O)CO)[C@]1(C[C@H](O)[C@@]1([H])[C@@]2([H])CCC2=CC(=O)CC[C@]12C)C=O,"InChI=1S/C21H28O5/c1-20-7-6-13(24)8-12(20)2-3-14-15-4-5-16(18(26)10-22)21(15,11-23)9-17(25)19(14)20/h8,11,14-17,19,22,25H,2-7,9-10H2,1H3/t14-,15-,16+,17-,19+,20-,21+/m0/s1
",C21H28O5,360.45
DTXSID6023159,DSSTox_Substance_Id,DTXSID6023159,Iopanoic acid,96-83-3,OIRFJRBSRORBCM-UHFFFAOYSA-N,"2-[(3-Amino-2,4,6-triiodophenyl)methyl]butanoic acid",CCC(CC1=C(I)C=C(I)C(N)=C1I)C(O)=O,"InChI=1/C11H12I3NO2/c1-2-5(11(16)17)3-6-7(12)4-8(13)10(15)9(6)14/h4-5H,2-3,15H2,1H3,(H,16,17)
",C11H12I3NO2,570.935
DTXSID4022369,DSSTox_Substance_Id,DTXSID4022369,Fulvestrant,129453-61-8,VWUXBMIQPBEWFH-WCCTWKNTSA-N,"7alpha-[9-(4,4,5,5,5-Pentafluoropentane-1-sulfinyl)nonyl]estra-1,3,5(10)-triene-3,17beta-diol",[H][C@@]12CC[C@H](O)[C@@]1(C)CC[C@]1([H])C3=C(C[C@@H](CCCCCCCCCS(=O)CCCC(F)(F)C(F)(F)F)[C@@]21[H])C=C(O)C=C3,"InChI=1S/C32H47F5O3S/c1-30-17-15-26-25-12-11-24(38)21-23(25)20-22(29(26)27(30)13-14-28(30)39)10-7-5-3-2-4-6-8-18-41(40)19-9-16-31(33,34)32(35,36)37/h11-12,21-22,26-29,38-39H,2-10,13-20H2,1H3/t22-,26-,27+,28+,29-,30+,41?/m1/s1
",C32H47F5O3S,606.78
DTXSID1021952,DSSTox_Substance_Id,DTXSID1021952,Triphenyl phosphate,115-86-6,XZZNDPSIHUTMOC-UHFFFAOYSA-N,Triphenyl phosphate,O=P(OC1=CC=CC=C1)(OC1=CC=CC=C1)OC1=CC=CC=C1,"InChI=1S/C18H15O4P/c19-23(20-16-10-4-1-5-11-16,21-17-12-6-2-7-13-17)22-18-14-8-3-9-15-18/h1-15H
",C18H15O4P,326.288
DTXSID4024270,DSSTox_Substance_Id,DTXSID4024270,Prochloraz,67747-09-5,TVLSRXXIMLFWEO-UHFFFAOYSA-N,"N-Propyl-N-[2-(2,4,6-trichlorophenoxy)ethyl]-1H-imidazole-1-carboxamide",CCCN(CCOC1=C(Cl)C=C(Cl)C=C1Cl)C(=O)N1C=CN=C1,"InChI=1S/C15H16Cl3N3O2/c1-2-4-20(15(22)21-5-3-19-10-21)6-7-23-14-12(17)8-11(16)9-13(14)18/h3,5,8-10H,2,4,6-7H2,1H3
",C15H16Cl3N3O2,376.66
DTXSID8046452,DSSTox_Substance_Id,DTXSID8046452,Dutasteride,164656-23-9,JWJOTENAMICLJG-QWBYCMEYSA-N,"(4aR,4bS,6aS,7S,9aS,9bS,11aR)-N-[2,5-Bis(trifluoromethyl)phenyl]-4a,6a-dimethyl-2-oxo-2,4a,4b,5,6,6a,7,8,9,9a,9b,10,11,11a-tetradecahydro-1H-indeno[5,4-f]quinoline-7-carboxamide",[H][C@@]12CC[C@H](C(=O)NC3=CC(=CC=C3C(F)(F)F)C(F)(F)F)[C@@]1(C)CC[C@@]1([H])[C@@]2([H])CC[C@@]2([H])NC(=O)C=C[C@]12C,"InChI=1S/C27H30F6N2O2/c1-24-11-9-17-15(4-8-21-25(17,2)12-10-22(36)35-21)16(24)6-7-19(24)23(37)34-20-13-14(26(28,29)30)3-5-18(20)27(31,32)33/h3,5,10,12-13,15-17,19,21H,4,6-9,11H2,1-2H3,(H,34,37)(H,35,36)/t15-,16-,17-,19+,21+,24-,25+/m0/s1
",C27H30F6N2O2,528.539
DTXSID3036496,DSSTox_Substance_Id,DTXSID3036496,Levonorgestrel,797-63-7,WWYNJERNGUHSAO-XUDSTZEESA-N,"(1R,3aS,3bR,9aR,9bS,11aS)-11a-Ethyl-1-ethynyl-1-hydroxy-1,2,3,3a,3b,4,5,8,9,9a,9b,10,11,11a-tetradecahydro-7H-cyclopenta[a]phenanthren-7-one",[H][C@@]12CC[C@@](O)(C#C)[C@@]1(CC)CC[C@]1([H])[C@@]3([H])CCC(=O)C=C3CC[C@@]21[H],"InChI=1S/C21H28O2/c1-3-20-11-9-17-16-8-6-15(22)13-14(16)5-7-18(17)19(20)10-12-21(20,23)4-2/h2,13,16-19,23H,3,5-12H2,1H3/t16-,17+,18+,19-,20-,21-/m0/s1
",C21H28O2,312.453
DTXSID5023322,DSSTox_Substance_Id,DTXSID5023322,Mifepristone,84371-65-3,VKHAHZOOUSRJNA-GCNJZUOMSA-N,"(1S,3aS,3bS,10R,11aS)-10-[4-(Dimethylamino)phenyl]-1-hydroxy-11a-methyl-1-(prop-1-yn-1-yl)-1,2,3,3a,3b,4,5,8,9,10,11,11a-dodecahydro-7H-cyclopenta[a]phenanthren-7-one",[H][C@@]12CC[C@@](O)(C#CC)[C@@]1(C)C[C@]([H])(C1=CC=C(C=C1)N(C)C)C1=C3CCC(=O)C=C3CC[C@@]21[H],"InChI=1S/C29H35NO2/c1-5-15-29(32)16-14-26-24-12-8-20-17-22(31)11-13-23(20)27(24)25(18-28(26,29)2)19-6-9-21(10-7-19)30(3)4/h6-7,9-10,17,24-26,32H,8,11-14,16,18H2,1-4H3/t24-,25+,26-,28-,29-/m0/s1
",C29H35NO2,429.604
DTXSID9022528,DSSTox_Substance_Id,DTXSID9022528,Ethylparaben,120-47-8,NUVBSKCKDOMJSU-UHFFFAOYSA-N,Ethyl 4-hydroxybenzoate,CCOC(=O)C1=CC=C(O)C=C1,"InChI=1S/C9H10O3/c1-2-12-9(11)7-3-5-8(10)6-4-7/h3-6,10H,2H2,1H3
",C9H10O3,166.176
DTXSID1023784,DSSTox_Substance_Id,DTXSID1023784,Lithium carbonate,554-13-2,XGZVUEUWXADBQD-UHFFFAOYSA-L,Dilithium carbonate,[Li+].[Li+].[O-]C([O-])=O,"InChI=1S/CH2O3.2Li/c2-1(3)4;;/h(H2,2,3,4);;/q;2*+1/p-2
",CLi2O3,73.89
DTXSID8023474,DSSTox_Substance_Id,DTXSID8023474,"1-(1-(4,4-bis(4-fluorophenyl)butyl)-4-piperidinyl)-1,3-dihydro-2H-Benzimidazol-2-one",2062-78-4,YVUQSNJEYSNKRX-UHFFFAOYSA-N,"1-{1-[4,4-Bis(4-fluorophenyl)butyl]piperidin-4-yl}-1,3-dihydro-2H-benzimidazol-2-one",FC1=CC=C(C=C1)C(CCCN1CCC(CC1)N1C(=O)NC2=C1C=CC=C2)C1=CC=C(F)C=C1,"InChI=1S/C28H29F2N3O/c29-22-11-7-20(8-12-22)25(21-9-13-23(30)14-10-21)4-3-17-32-18-15-24(16-19-32)33-27-6-2-1-5-26(27)31-28(33)34/h1-2,5-14,24-25H,3-4,15-19H2,(H,31,34)
",C28H29F2N3O,461.557
DTXSID4040686,DSSTox_Substance_Id,DTXSID4040686,Naproxen,22204-53-1,CMWTZPSULFXXJA-VIFPVBQESA-N,(2S)-2-(6-Methoxynaphthalen-2-yl)propanoic acid,COC1=CC2=CC=C(C=C2C=C1)[C@H](C)C(O)=O,"InChI=1S/C14H14O3/c1-9(14(15)16)10-3-4-12-8-13(17-2)6-5-11(12)7-10/h3-9H,1-2H3,(H,15,16)/t9-/m0/s1
",C14H14O3,230.263
DTXSID3030636,DSSTox_Substance_Id,DTXSID3030636,Doxorubicin hydrochloride,25316-40-9,MWWSFMDVAYGXBV-RUELKSSGSA-N,"(1S,3S)-3,5,12-Trihydroxy-3-(hydroxyacetyl)-10-methoxy-6,11-dioxo-1,2,3,4,6,11-hexahydrotetracen-1-yl 3-amino-2,3,6-trideoxy-alpha-L-lyxo-hexopyranoside--hydrogen chloride (1/1)",Cl.[H][C@@]1(C[C@H](N)[C@H](O)[C@H](C)O1)O[C@H]1C[C@@](O)(CC2=C(O)C3=C(C(O)=C12)C(=O)C1=C(OC)C=CC=C1C3=O)C(=O)CO,"InChI=1S/C27H29NO11.ClH/c1-10-22(31)13(28)6-17(38-10)39-15-8-27(36,16(30)9-29)7-12-19(15)26(35)21-20(24(12)33)23(32)11-4-3-5-14(37-2)18(11)25(21)34;/h3-5,10,13,15,17,22,29,31,33,35-36H,6-9,28H2,1-2H3;1H/t10-,13-,15-,17-,22+,27-;/m0./s1
",C27H30ClNO11,579.98
DTXSID9022445,DSSTox_Substance_Id,DTXSID9022445,Bis(4-hydroxyphenyl)methane,620-92-8,PXKLMJQFEQBVLD-UHFFFAOYSA-N,"4,4'-Methylenediphenol",OC1=CC=C(CC2=CC=C(O)C=C2)C=C1,"InChI=1S/C13H12O2/c14-12-5-1-10(2-6-12)9-11-3-7-13(15)8-4-11/h1-8,14-15H,9H2
",C13H12O2,200.237
DTXSID7041128,DSSTox_Substance_Id,DTXSID7041128,Sorafenib,284461-73-0,MLDQJTXFUGDVEO-UHFFFAOYSA-N,4-[4-({[4-Chloro-3-(trifluoromethyl)phenyl]carbamoyl}amino)phenoxy]-N-methylpyridine-2-carboxamide,CNC(=O)C1=CC(OC2=CC=C(NC(=O)NC3=CC=C(Cl)C(=C3)C(F)(F)F)C=C2)=CC=N1,"InChI=1S/C21H16ClF3N4O3/c1-26-19(30)18-11-15(8-9-27-18)32-14-5-2-12(3-6-14)28-20(31)29-13-4-7-17(22)16(10-13)21(23,24)25/h2-11H,1H3,(H,26,30)(H2,28,29,31)
",C21H16ClF3N4O3,464.83
DTXSID6022844,DSSTox_Substance_Id,DTXSID6022844,Clomipramine,303-49-1,GDLIGKIOYRNHDA-UHFFFAOYSA-N,"3-(3-Chloro-10,11-dihydro-5H-dibenzo[b,f]azepin-5-yl)-N,N-dimethylpropan-1-amine",CN(C)CCCN1C2=CC=CC=C2CCC2=CC=C(Cl)C=C12,"InChI=1S/C19H23ClN2/c1-21(2)12-5-13-22-18-7-4-3-6-15(18)8-9-16-10-11-17(20)14-19(16)22/h3-4,6-7,10-11,14H,5,8-9,12-13H2,1-2H3
",C19H23ClN2,314.86
DTXSID50194605,DSSTox_Substance_Id,DTXSID50194605,Lenvatinib,417716-92-8,WOSKHXYHFSIKNG-UHFFFAOYSA-N,4-{3-Chloro-4-[(cyclopropylcarbamoyl)amino]phenoxy}-7-methoxyquinoline-6-carboxamide,COC1=CC2=NC=CC(OC3=CC(Cl)=C(NC(=O)NC4CC4)C=C3)=C2C=C1C(N)=O,"InChI=1S/C21H19ClN4O4/c1-29-19-10-17-13(9-14(19)20(23)27)18(6-7-24-17)30-12-4-5-16(15(22)8-12)26-21(28)25-11-2-3-11/h4-11H,2-3H2,1H3,(H2,23,27)(H2,25,26,28)
",C21H19ClN4O4,426.86
DTXSID3023342,DSSTox_Substance_Id,DTXSID3023342,Nadolol,42200-33-9,VWPOSFSPZNDTMJ-UHFFFAOYSA-N,"5-[3-(tert-Butylamino)-2-hydroxypropoxy]-1,2,3,4-tetrahydronaphthalene-2,3-diol",CC(C)(C)NCC(O)COC1=CC=CC2=C1CC(O)C(O)C2,"InChI=1/C17H27NO4/c1-17(2,3)18-9-12(19)10-22-16-6-4-5-11-7-14(20)15(21)8-13(11)16/h4-6,12,14-15,18-21H,7-10H2,1-3H3
",C17H27NO4,309.406
DTXSID8023054,DSSTox_Substance_Id,DTXSID8023054,Flecainide,54143-55-4,DJBNUMBKLMJRSA-UHFFFAOYSA-N,"N-[(Piperidin-2-yl)methyl]-2,5-bis(2,2,2-trifluoroethoxy)benzamide",FC(F)(F)COC1=CC(C(=O)NCC2CCCCN2)=C(OCC(F)(F)F)C=C1,"InChI=1/C17H20F6N2O3/c18-16(19,20)9-27-12-4-5-14(28-10-17(21,22)23)13(7-12)15(26)25-8-11-3-1-2-6-24-11/h4-5,7,11,24H,1-3,6,8-10H2,(H,25,26)
",C17H20F6N2O3,414.348
DTXSID6022973,DSSTox_Substance_Id,DTXSID6022973,Droperidol,548-73-2,RMEDXOLNCUSCGS-UHFFFAOYSA-N,"1-{1-[4-(4-Fluorophenyl)-4-oxobutyl]-1,2,3,6-tetrahydropyridin-4-yl}-1,3-dihydro-2H-benzimidazol-2-one",FC1=CC=C(C=C1)C(=O)CCCN1CCC(=CC1)N1C(=O)NC2=CC=CC=C12,"InChI=1S/C22H22FN3O2/c23-17-9-7-16(8-10-17)21(27)6-3-13-25-14-11-18(12-15-25)26-20-5-2-1-4-19(20)24-22(26)28/h1-2,4-5,7-11H,3,6,12-15H2,(H,24,28)
",C22H22FN3O2,379.435
DTXSID9020584,DSSTox_Substance_Id,DTXSID9020584,Ethanol,64-17-5,LFQSCWFLJHTTHZ-UHFFFAOYSA-N,Ethanol,CCO,"InChI=1S/C2H6O/c1-2-3/h3H,2H2,1H3
",C2H6O,46.069
DTXSID2040737,DSSTox_Substance_Id,DTXSID2040737,Hydroxyzine dihydrochloride,2192-20-3,ANOMHKZSQFYSBR-UHFFFAOYSA-N,2-(2-{4-[(4-Chlorophenyl)(phenyl)methyl]piperazin-1-yl}ethoxy)ethan-1-ol--hydrogen chloride (1/2),Cl.Cl.OCCOCCN1CCN(CC1)C(C1=CC=CC=C1)C1=CC=C(Cl)C=C1,"InChI=1/C21H27ClN2O2.2ClH/c22-20-8-6-19(7-9-20)21(18-4-2-1-3-5-18)24-12-10-23(11-13-24)14-16-26-17-15-25;;/h1-9,21,25H,10-17H2;2*1H
",C21H29Cl3N2O2,447.83
DTXSID3022829,DSSTox_Substance_Id,DTXSID3022829,Clarithromycin,81103-11-9,AGOYDEPGAOXOCK-KCBOHYOISA-N,"(3R,4S,5S,6R,7R,9R,11R,12R,13S,14R)-6-{[(2S,3R,4S,6R)-4-(Dimethylamino)-3-hydroxy-6-methyloxan-2-yl]oxy}-14-ethyl-12,13-dihydroxy-4-{[(2R,4R,5S,6S)-5-hydroxy-4-methoxy-4,6-dimethyloxan-2-yl]oxy}-7-methoxy-3,5,7,9,11,13-hexamethyl-1-oxacyclotetradecane-2,10-dione",CC[C@H]1OC(=O)[C@H](C)[C@@H](O[C@H]2C[C@@](C)(OC)[C@@H](O)[C@H](C)O2)[C@H](C)[C@@H](O[C@@H]2O[C@H](C)C[C@@H]([C@H]2O)N(C)C)[C@@](C)(C[C@@H](C)C(=O)[C@H](C)[C@@H](O)[C@]1(C)O)OC,"InChI=1S/C38H69NO13/c1-15-26-38(10,45)31(42)21(4)28(40)19(2)17-37(9,47-14)33(52-35-29(41)25(39(11)12)16-20(3)48-35)22(5)30(23(6)34(44)50-26)51-27-18-36(8,46-13)32(43)24(7)49-27/h19-27,29-33,35,41-43,45H,15-18H2,1-14H3/t19-,20-,21+,22+,23-,24+,25+,26-,27+,29-,30+,31-,32+,33-,35+,36-,37-,38-/m1/s1
",C38H69NO13,747.964
DTXSID50235486,DSSTox_Substance_Id,DTXSID50235486,Dasatinib monohydrate,863127-77-9,XHXFZZNHDVTMLI-UHFFFAOYSA-N,"N-(2-Chloro-6-methylphenyl)-2-({6-[4-(2-hydroxyethyl)piperazin-1-yl]-2-methylpyrimidin-4-yl}amino)-1,3-thiazole-5-carboxamide--water (1/1)",O.CC1=NC(=CC(NC2=NC=C(S2)C(=O)NC2=C(C)C=CC=C2Cl)=N1)N1CCN(CCO)CC1,"InChI=1S/C22H26ClN7O2S.H2O/c1-14-4-3-5-16(23)20(14)28-21(32)17-13-24-22(33-17)27-18-12-19(26-15(2)25-18)30-8-6-29(7-9-30)10-11-31;/h3-5,12-13,31H,6-11H2,1-2H3,(H,28,32)(H,24,25,26,27);1H2
",C22H28ClN7O3S,506.02
DTXSID3020627,DSSTox_Substance_Id,DTXSID3020627,Fluconazole,86386-73-4,RFHAOTPXVQNOHP-UHFFFAOYSA-N,"2-(2,4-Difluorophenyl)-1,3-bis(1H-1,2,4-triazol-1-yl)propan-2-ol",OC(CN1C=NC=N1)(CN1C=NC=N1)C1=C(F)C=C(F)C=C1,"InChI=1S/C13H12F2N6O/c14-10-1-2-11(12(15)3-10)13(22,4-20-8-16-6-18-20)5-21-9-17-7-19-21/h1-3,6-9,22H,4-5H2
",C13H12F2N6O,306.277
DTXSID4022529,DSSTox_Substance_Id,DTXSID4022529,Methylparaben,99-76-3,LXCFILQKKLGQFO-UHFFFAOYSA-N,Methyl 4-hydroxybenzoate,COC(=O)C1=CC=C(O)C=C1,"InChI=1S/C8H8O3/c1-11-8(10)6-2-4-7(9)5-3-6/h2-5,9H,1H3
",C8H8O3,152.149
DTXSID1026081,DSSTox_Substance_Id,DTXSID1026081,"3,3',5,5'-Tetrabromobisphenol A",79-94-7,VEORPZCZECFIRK-UHFFFAOYSA-N,"4,4'-(Propane-2,2-diyl)bis(2,6-dibromophenol)",CC(C)(C1=CC(Br)=C(O)C(Br)=C1)C1=CC(Br)=C(O)C(Br)=C1,"InChI=1S/C15H12Br4O2/c1-15(2,7-3-9(16)13(20)10(17)4-7)8-5-11(18)14(21)12(19)6-8/h3-6,20-21H,1-2H3
",C15H12Br4O2,543.875
DTXSID8020127,DSSTox_Substance_Id,DTXSID8020127,3'-Azido-3'-deoxythymidine,30516-87-1,HBOMLICNUCNMMY-XLPZGREQSA-N,3'-Azido-3'-deoxythymidine,CC1=CN([C@H]2C[C@H](N=[N+]=[N-])[C@@H](CO)O2)C(=O)NC1=O,"InChI=1S/C10H13N5O4/c1-5-3-15(10(18)12-9(5)17)8-2-6(13-14-11)7(4-16)19-8/h3,6-8,16H,2,4H2,1H3,(H,12,17,18)/t6-,7+,8+/m0/s1
",C10H13N5O4,267.245
DTXSID9033187,DSSTox_Substance_Id,DTXSID9033187,Amitriptyline hydrochloride,549-18-8,KFYRPLNVJVHZGT-UHFFFAOYSA-N,"3-(10,11-Dihydro-5H-dibenzo[a,d][7]annulen-5-ylidene)-N,N-dimethylpropan-1-amine--hydrogen chloride (1/1)",Cl.CN(C)CCC=C1C2=C(CCC3=C1C=CC=C3)C=CC=C2,"InChI=1S/C20H23N.ClH/c1-21(2)15-7-12-20-18-10-5-3-8-16(18)13-14-17-9-4-6-11-19(17)20;/h3-6,8-12H,7,13-15H2,1-2H3;1H
",C20H24ClN,313.87
DTXSID70891861,DSSTox_Substance_Id,DTXSID70891861,Enniatin B1,19914-20-6,UQCSETXJXJTMKO-UMURLBKASA-N,"(3S,6R,9S,12R,15S,18R)-3-[(2S)-Butan-2-yl]-4,10,16-trimethyl-6,9,12,15,18-penta(propan-2-yl)-1,7,13-trioxa-4,10,16-triazacyclooctadecane-2,5,8,11,14,17-hexone",[H][C@@]1([C@@H](C)CC)N(C)C(=O)[C@H](OC(=O)[C@H](C(C)C)N(C)C(=O)[C@H](OC(=O)[C@H](C(C)C)N(C)C(=O)[C@H](OC1=O)C(C)C)C(C)C)C(C)C,"InChI=1S/C34H59N3O9/c1-16-22(12)25-34(43)46-27(20(8)9)30(39)36(14)23(17(2)3)32(41)44-26(19(6)7)29(38)35(13)24(18(4)5)33(42)45-28(21(10)11)31(40)37(25)15/h17-28H,16H2,1-15H3/t22-,23-,24-,25-,26+,27+,28+/m0/s1
",C34H59N3O9,653.858
DTXSID8036730,DSSTox_Substance_Id,DTXSID8036730,Tunicamycin,11089-65-9,N/A,N/A,N/A,N/A,N/A,N/A
DTXSID8032548,DSSTox_Substance_Id,DTXSID8032548,"4-(4-Chlorophenyl)-2-phenyl-2-(1H-1,2,4-triazol-1-ylmethyl)butyronitrile",114369-43-6,RQDJADAKIFFEKQ-UHFFFAOYSA-N,"4-(4-Chlorophenyl)-2-phenyl-2-[(1H-1,2,4-triazol-1-yl)methyl]butanenitrile",ClC1=CC=C(CCC(CN2C=NC=N2)(C#N)C2=CC=CC=C2)C=C1,"InChI=1/C19H17ClN4/c20-18-8-6-16(7-9-18)10-11-19(12-21,13-24-15-22-14-23-24)17-4-2-1-3-5-17/h1-9,14-15H,10-11,13H2
",C19H17ClN4,336.82
DTXSID9058288,DSSTox_Substance_Id,DTXSID9058288,"2-Amino-3-(1H-1,2,4-triazol-1-yl)propanoic acid",114419-45-3,XVWFTOJHOHJIMQ-UHFFFAOYSA-N,"3-(1H-1,2,4-Triazol-1-yl)alanine",NC(CN1C=NC=N1)C(O)=O,"InChI=1/C5H8N4O2/c6-4(5(10)11)1-9-3-7-2-8-9/h2-4H,1,6H2,(H,10,11)
",C5H8N4O2,156.145
DTXSID4032372,DSSTox_Substance_Id,DTXSID4032372,Difenoconazole,119446-68-3,BQYJATMQXGBDHF-UHFFFAOYSA-N,"1-({2-[2-Chloro-4-(4-chlorophenoxy)phenyl]-4-methyl-1,3-dioxolan-2-yl}methyl)-1H-1,2,4-triazole",CC1COC(CN2C=NC=N2)(O1)C1=C(Cl)C=C(OC2=CC=C(Cl)C=C2)C=C1,"InChI=1/C19H17Cl2N3O3/c1-13-9-25-19(27-13,10-24-12-22-11-23-24)17-7-6-16(8-18(17)21)26-15-4-2-14(20)3-5-15/h2-8,11-13H,9-10H2,1H3
",C19H17Cl2N3O3,406.26
DTXSID1040372,DSSTox_Substance_Id,DTXSID1040372,Epoxiconazole,133855-98-8,ZMYFCFLJBGAQRS-BXXGRURMNA-N,"1-{[(2S,3R)-3-(2-Chlorophenyl)-2-(4-fluorophenyl)oxiran-2-yl]methyl}-1H-1,2,4-triazole",FC1=CC=C(C=C1)[C@@]1(CN2C=NC=N2)O[C@@H]1C1=C(Cl)C=CC=C1,"InChI=1/C17H13ClFN3O/c18-15-4-2-1-3-14(15)16-17(23-16,9-22-11-20-10-21-22)12-5-7-13(19)8-6-12/h1-8,10-11,16H,9H2/t16-,17-/s2
",C17H13ClFN3O,329.76
DTXSID4034869,DSSTox_Substance_Id,DTXSID4034869,Prothioconazole,178928-70-6,MNHVNIJQQRJYDH-UHFFFAOYSA-N,"2-[2-(1-Chlorocyclopropyl)-3-(2-chlorophenyl)-2-hydroxypropyl]-2,4-dihydro-3H-1,2,4-triazole-3-thione",OC(CN1N=CNC1=S)(CC1=C(Cl)C=CC=C1)C1(Cl)CC1,"InChI=1/C14H15Cl2N3OS/c15-11-4-2-1-3-10(11)7-14(20,13(16)5-6-13)8-19-12(21)17-9-18-19/h1-4,9,20H,5-8H2,(H,17,18,21)
",C14H15Cl2N3OS,344.25
DTXSID90365231,DSSTox_Substance_Id,DTXSID90365231,"1,2,4-Triazole-1-acetic acid",28711-29-7,RXDBSQXFIWBJSR-UHFFFAOYSA-N,"(1H-1,2,4-Triazol-1-yl)acetic acid",OC(=O)CN1C=NC=N1,"InChI=1S/C4H5N3O2/c8-4(9)1-7-3-5-2-6-7/h2-3H,1H2,(H,8,9)
",C4H5N3O2,127.103
DTXSID6027131,DSSTox_Substance_Id,DTXSID6027131,"1H-1,2,4-Triazole",288-88-0,NSPMIYGKQJPBQR-UHFFFAOYSA-N,"1H-1,2,4-Triazole",N1C=NC=N1,"InChI=1S/C2H3N3/c1-3-2-5-4-1/h1-2H,(H,3,4,5)
",C2H3N3,69.067
DTXSID7044681,DSSTox_Substance_Id,DTXSID7044681,Chloroquine bis(phosphate),50-63-5,QKICWELGRMTQCR-UHFFFAOYSA-N,"Phosphoric acid--N~4~-(7-chloroquinolin-4-yl)-N~1~,N~1~-diethylpentane-1,4-diamine (2/1)",OP(O)(O)=O.OP(O)(O)=O.CCN(CC)CCCC(C)NC1=C2C=CC(Cl)=CC2=NC=C1,"InChI=1/C18H26ClN3.2H3O4P/c1-4-22(5-2)12-6-7-14(3)21-17-10-11-20-18-13-15(19)8-9-16(17)18;2*1-5(2,3)4/h8-11,13-14H,4-7,12H2,1-3H3,(H,20,21);2*(H3,1,2,3,4)
",C18H32ClN3O8P2,515.86
DTXSID8024280,DSSTox_Substance_Id,DTXSID8024280,Propiconazole,60207-90-1,STJLVHWMYQXCPB-UHFFFAOYSA-N,"1-{[2-(2,4-Dichlorophenyl)-4-propyl-1,3-dioxolan-2-yl]methyl}-1H-1,2,4-triazole",CCCC1COC(CN2C=NC=N2)(O1)C1=C(Cl)C=C(Cl)C=C1,"InChI=1/C15H17Cl2N3O2/c1-2-3-12-7-21-15(22-12,8-20-10-18-9-19-20)13-5-4-11(16)6-14(13)17/h4-6,9-10,12H,2-3,7-8H2,1H3
",C15H17Cl2N3O2,342.22
DTXSID7029879,DSSTox_Substance_Id,DTXSID7029879,Ketoconazole,65277-42-1,XMAYWYJOQHXEEK-GRHWAJSLNA-N,"1-{4-[4-({(2R,4S)-2-(2,4-Dichlorophenyl)-2-[(1H-imidazol-1-yl)methyl]-1,3-dioxolan-4-yl}methoxy)phenyl]piperazin-1-yl}ethan-1-one",CC(=O)N1CCN(CC1)C1=CC=C(OC[C@H]2CO[C@@](CN3C=CN=C3)(O2)C2=CC=C(Cl)C=C2Cl)C=C1,"InChI=1/C26H28Cl2N4O4/c1-19(33)31-10-12-32(13-11-31)21-3-5-22(6-4-21)34-15-23-16-35-26(36-23,17-30-9-8-29-18-30)24-7-2-20(27)14-25(24)28/h2-9,14,18,23H,10-13,15-17H2,1H3/t23-,26-/s2
",C26H28Cl2N4O4,531.43
DTXSID3023180,DSSTox_Substance_Id,DTXSID3023180,Itraconazole,84625-61-6,VHVPQPYKVGDNFY-ZPGVKDDISA-N,"2-(Butan-2-yl)-4-(4-{4-[4-({(2R,4S)-2-(2,4-dichlorophenyl)-2-[(1H-1,2,4-triazol-1-yl)methyl]-1,3-dioxolan-4-yl}methoxy)phenyl]piperazin-1-yl}phenyl)-2,4-dihydro-3H-1,2,4-triazol-3-one",CCC(C)N1N=CN(C1=O)C1=CC=C(C=C1)N1CCN(CC1)C1=CC=C(OC[C@H]2CO[C@@](CN3C=NC=N3)(O2)C2=C(Cl)C=C(Cl)C=C2)C=C1,"InChI=1S/C35H38Cl2N8O4/c1-3-25(2)45-34(46)44(24-40-45)29-7-5-27(6-8-29)41-14-16-42(17-15-41)28-9-11-30(12-10-28)47-19-31-20-48-35(49-31,21-43-23-38-22-39-43)32-13-4-26(36)18-33(32)37/h4-13,18,22-25,31H,3,14-17,19-21H2,1-2H3/t25?,31-,35-/m0/s1
",C35H38Cl2N8O4,705.64
DTXSID2041913,DSSTox_Substance_Id,DTXSID2041913,Etaconazole,60207-93-4,DWRKFAJEBUWTQM-UHFFFAOYSA-N,"1-{[2-(2,4-Dichlorophenyl)-4-ethyl-1,3-dioxolan-2-yl]methyl}-1H-1,2,4-triazole",CCC1COC(CN2C=NC=N2)(O1)C1=C(Cl)C=C(Cl)C=C1,"InChI=1/C14H15Cl2N3O2/c1-2-11-6-20-14(21-11,7-19-9-17-8-18-19)12-4-3-10(15)5-13(12)16/h3-5,8-9,11H,2,6-7H2,1H3
",C14H15Cl2N3O2,328.19
DTXSID8042260,DSSTox_Substance_Id,DTXSID8042260,Penconazole,66246-88-6,WKBPZYKAUNRMKP-UHFFFAOYSA-N,"1-[2-(2,4-Dichlorophenyl)pentyl]-1H-1,2,4-triazole",CCCC(CN1C=NC=N1)C1=C(Cl)C=C(Cl)C=C1,"InChI=1/C13H15Cl2N3/c1-2-3-10(7-18-9-16-8-17-18)12-5-4-11(14)6-13(12)15/h4-6,8-10H,2-3,7H2,1H3
",C13H15Cl2N3,284.18
DTXSID6021080,DSSTox_Substance_Id,DTXSID6021080,Omeprazole,73590-58-6,SUBDBMMJDZJVOS-UHFFFAOYSA-N,"5-Methoxy-2-[(4-methoxy-3,5-dimethylpyridin-2-yl)methanesulfinyl]-1H-benzimidazole",COC1=CC2=C(NC(=N2)S(=O)CC2=C(C)C(OC)=C(C)C=N2)C=C1,"InChI=1/C17H19N3O3S/c1-10-8-18-15(11(2)16(10)23-4)9-24(21)17-19-13-6-5-12(22-3)7-14(13)20-17/h5-8H,9H2,1-4H3,(H,19,20)
",C17H19N3O3S,345.42
DTXSID6021373,DSSTox_Substance_Id,DTXSID6021373,Triamterene,396-01-0,FNYLWPVRPXGIIP-UHFFFAOYSA-N,"6-Phenylpteridine-2,4,7-triamine",NC1=NC(N)=C2N=C(C(N)=NC2=N1)C1=CC=CC=C1,"InChI=1S/C12H11N7/c13-9-7(6-4-2-1-3-5-6)16-8-10(14)18-12(15)19-11(8)17-9/h1-5H,(H6,13,14,15,17,18,19)
",C12H11N7,253.269
DTXSID8026064,DSSTox_Substance_Id,DTXSID8026064,Sulfamethoxazole,723-46-6,JLKIGFTWXXRPMT-UHFFFAOYSA-N,"4-Amino-N-(5-methyl-1,2-oxazol-3-yl)benzene-1-sulfonamide",CC1=CC(NS(=O)(=O)C2=CC=C(N)C=C2)=NO1,"InChI=1S/C10H11N3O3S/c1-7-6-10(12-16-7)13-17(14,15)9-4-2-8(11)3-5-9/h2-6H,11H2,1H3,(H,12,13)
",C10H11N3O3S,253.28
DTXSID5046487,DSSTox_Substance_Id,DTXSID5046487,Adefovir dipivoxil,142340-99-6,WOZSCQDILHKSGG-UHFFFAOYSA-N,"[({[2-(6-Amino-9H-purin-9-yl)ethoxy]methyl}phosphoryl)bis(oxy)methylene] bis(2,2-dimethylpropanoate)",CC(C)(C)C(=O)OCOP(=O)(COCCN1C=NC2=C1N=CN=C2N)OCOC(=O)C(C)(C)C,"InChI=1S/C20H32N5O8P/c1-19(2,3)17(26)30-11-32-34(28,33-12-31-18(27)20(4,5)6)13-29-8-7-25-10-24-14-15(21)22-9-23-16(14)25/h9-10H,7-8,11-13H2,1-6H3,(H2,21,22,23)
",C20H32N5O8P,501.477
DTXSID7037131,DSSTox_Substance_Id,DTXSID7037131,Rosiglitazone,122320-73-4,YASAKCUCGLMORW-UHFFFAOYSA-N,"5-[(4-{2-[Methyl(pyridin-2-yl)amino]ethoxy}phenyl)methyl]-1,3-thiazolidine-2,4-dione",CN(CCOC1=CC=C(CC2SC(=O)NC2=O)C=C1)C1=NC=CC=C1,"InChI=1/C18H19N3O3S/c1-21(16-4-2-3-9-19-16)10-11-24-14-7-5-13(6-8-14)12-15-17(22)20-18(23)25-15/h2-9,15H,10-12H2,1H3,(H,20,22,23)
",C18H19N3O3S,357.43
DTXSID7023431,DSSTox_Substance_Id,DTXSID7023431,Pentamidine,100-33-4,XDRYMKDFEDOLFX-UHFFFAOYSA-N,"4,4'-[Pentane-1,5-diylbis(oxy)]di(benzene-1-carboximidamide)",NC(=N)C1=CC=C(OCCCCCOC2=CC=C(C=C2)C(N)=N)C=C1,"InChI=1S/C19H24N4O2/c20-18(21)14-4-8-16(9-5-14)24-12-2-1-3-13-25-17-10-6-15(7-11-17)19(22)23/h4-11H,1-3,12-13H2,(H3,20,21)(H3,22,23)
",C19H24N4O2,340.427
DTXSID1021116,DSSTox_Substance_Id,DTXSID1021116,Phenacetin,62-44-2,CPJSUEIXXCENMM-UHFFFAOYSA-N,N-(4-Ethoxyphenyl)acetamide,CCOC1=CC=C(NC(C)=O)C=C1,"InChI=1S/C10H13NO2/c1-3-13-10-6-4-9(5-7-10)11-8(2)12/h4-7H,3H2,1-2H3,(H,11,12)
",C10H13NO2,179.219
DTXSID3037044,DSSTox_Substance_Id,DTXSID3037044,Amoxicillin,26787-78-0,LSQZJLSUYDQPKJ-NJBDSQKTSA-N,"(2S,5R,6R)-6-{[(2R)-2-Amino-2-(4-hydroxyphenyl)acetyl]amino}-3,3-dimethyl-7-oxo-4-thia-1-azabicyclo[3.2.0]heptane-2-carboxylic acid",[H][C@]12SC(C)(C)[C@@H](N1C(=O)[C@H]2NC(=O)[C@H](N)C1=CC=C(O)C=C1)C(O)=O,"InChI=1S/C16H19N3O5S/c1-16(2)11(15(23)24)19-13(22)10(14(19)25-16)18-12(21)9(17)7-3-5-8(20)6-4-7/h3-6,9-11,14,20H,17H2,1-2H3,(H,18,21)(H,23,24)/t9-,10-,11+,14-/m1/s1
",C16H19N3O5S,365.4
DTXSID8022824,DSSTox_Substance_Id,DTXSID8022824,Ciprofloxacin,85721-33-1,MYSWGUAQZAJSOK-UHFFFAOYSA-N,"1-Cyclopropyl-6-fluoro-4-oxo-7-(piperazin-1-yl)-1,4-dihydroquinoline-3-carboxylic acid",OC(=O)C1=CN(C2CC2)C2=CC(N3CCNCC3)=C(F)C=C2C1=O,"InChI=1S/C17H18FN3O3/c18-13-7-11-14(8-15(13)20-5-3-19-4-6-20)21(10-1-2-10)9-12(16(11)22)17(23)24/h7-10,19H,1-6H2,(H,23,24)
",C17H18FN3O3,331.347
DTXSID4022602,DSSTox_Substance_Id,DTXSID4022602,Ampicillin,69-53-4,AVKUERGKIZMTKX-NJBDSQKTSA-N,"(2S,5R,6R)-6-{[(2R)-2-Amino-2-phenylacetyl]amino}-3,3-dimethyl-7-oxo-4-thia-1-azabicyclo[3.2.0]heptane-2-carboxylic acid",[H][C@]12SC(C)(C)[C@@H](N1C(=O)[C@H]2NC(=O)[C@H](N)C1=CC=CC=C1)C(O)=O,"InChI=1S/C16H19N3O4S/c1-16(2)11(15(22)23)19-13(21)10(14(19)24-16)18-12(20)9(17)8-6-4-3-5-7-8/h3-7,9-11,14H,17H2,1-2H3,(H,18,20)(H,22,23)/t9-,10-,11+,14-/m1/s1
",C16H19N3O4S,349.41
DTXSID5022982,DSSTox_Substance_Id,DTXSID5022982,Enalapril,75847-73-3,GBXSMTUPTTWBMN-XIRDDKMYSA-N,N-[(2S)-1-Ethoxy-1-oxo-4-phenylbutan-2-yl]-L-alanyl-L-proline,CCOC(=O)[C@H](CCC1=CC=CC=C1)N[C@@H](C)C(=O)N1CCC[C@H]1C(O)=O,"InChI=1S/C20H28N2O5/c1-3-27-20(26)16(12-11-15-8-5-4-6-9-15)21-14(2)18(23)22-13-7-10-17(22)19(24)25/h4-6,8-9,14,16-17,21H,3,7,10-13H2,1-2H3,(H,24,25)/t14-,16-,17-/m0/s1
",C20H28N2O5,376.453
DTXSID0023169,DSSTox_Substance_Id,DTXSID0023169,Irbesartan,138402-11-6,YOSHYTLCDANDAN-UHFFFAOYSA-N,"2-Butyl-3-{[2'-(1H-tetrazol-5-yl)[1,1'-biphenyl]-4-yl]methyl}-1,3-diazaspiro[4.4]non-1-en-4-one",CCCCC1=NC2(CCCC2)C(=O)N1CC1=CC=C(C=C1)C1=CC=CC=C1C1=NN=NN1,"InChI=1S/C25H28N6O/c1-2-3-10-22-26-25(15-6-7-16-25)24(32)31(22)17-18-11-13-19(14-12-18)20-8-4-5-9-21(20)23-27-29-30-28-23/h4-5,8-9,11-14H,2-3,6-7,10,15-17H2,1H3,(H,27,28,29,30)
",C25H28N6O,428.54
DTXSID6020648,DSSTox_Substance_Id,DTXSID6020648,Furosemide,54-31-9,ZZUFCTLCJUWOSV-UHFFFAOYSA-N,4-Chloro-2-{[(furan-2-yl)methyl]amino}-5-sulfamoylbenzoic acid,NS(=O)(=O)C1=C(Cl)C=C(NCC2=CC=CO2)C(=C1)C(O)=O,"InChI=1S/C12H11ClN2O5S/c13-9-5-10(15-6-7-2-1-3-20-7)8(12(16)17)4-11(9)21(14,18)19/h1-5,15H,6H2,(H,16,17)(H2,14,18,19)
",C12H11ClN2O5S,330.74
DTXSID1022556,DSSTox_Substance_Id,DTXSID1022556,Acyclovir,59277-89-3,MKUXAQIIEYXACX-UHFFFAOYSA-N,"2-Amino-9-[(2-hydroxyethoxy)methyl]-3,9-dihydro-6H-purin-6-one",NC1=NC(=O)C2=C(N1)N(COCCO)C=N2,"InChI=1S/C8H11N5O3/c9-8-11-6-5(7(15)12-8)10-3-13(6)4-16-2-1-14/h3,14H,1-2,4H2,(H3,9,11,12,15)
",C8H11N5O3,225.208
DTXSID5020732,DSSTox_Substance_Id,DTXSID5020732,Ibuprofen,15687-27-1,HEFNNWSXXWATRW-UHFFFAOYSA-N,2-[4-(2-Methylpropyl)phenyl]propanoic acid,CC(C)CC1=CC=C(C=C1)C(C)C(O)=O,"InChI=1/C13H18O2/c1-9(2)8-11-4-6-12(7-5-11)10(3)13(14)15/h4-7,9-10H,8H2,1-3H3,(H,14,15)
",C13H18O2,206.285
DTXSID7044130,DSSTox_Substance_Id,DTXSID7044130,Sulfadiazine,68-35-9,SEEPANYCNGTZFQ-UHFFFAOYSA-N,4-Amino-N-(pyrimidin-2-yl)benzene-1-sulfonamide,NC1=CC=C(C=C1)S(=O)(=O)NC1=NC=CC=N1,"InChI=1S/C10H10N4O2S/c11-8-2-4-9(5-3-8)17(15,16)14-10-12-6-1-7-13-10/h1-7H,11H2,(H,12,13,14)
",C10H10N4O2S,250.28
DTXSID9040132,DSSTox_Substance_Id,DTXSID9040132,Tenofovir,147127-20-6,SGOIRFVFHAKUTI-ZCFIWIBFSA-N,({[(2R)-1-(6-Amino-9H-purin-9-yl)propan-2-yl]oxy}methyl)phosphonic acid,C[C@H](CN1C=NC2=C1N=CN=C2N)OCP(O)(O)=O,"InChI=1S/C9H14N5O4P/c1-6(18-5-19(15,16)17)2-14-4-13-7-8(10)11-3-12-9(7)14/h3-4,6H,2,5H2,1H3,(H2,10,11,12)(H2,15,16,17)/t6-/m1/s1
",C9H14N5O4P,287.216
DTXSID4023414,DSSTox_Substance_Id,DTXSID4023414,Pamidronic acid,40391-99-9,WRUUGTRCQOWXEG-UHFFFAOYSA-N,"(3-Amino-1-hydroxypropane-1,1-diyl)bis(phosphonic acid)",NCCC(O)(P(O)(O)=O)P(O)(O)=O,"InChI=1S/C3H11NO7P2/c4-2-1-3(5,12(6,7)8)13(9,10)11/h5H,1-2,4H2,(H2,6,7,8)(H2,9,10,11)
",C3H11NO7P2,235.069
DTXSID9025114,DSSTox_Substance_Id,DTXSID9025114,6PPD,793-24-8,ZZMVLMVFYMGSMY-UHFFFAOYSA-N,"N~1~-(4-Methylpentan-2-yl)-N~4~-phenylbenzene-1,4-diamine",CC(C)CC(C)NC1=CC=C(NC2=CC=CC=C2)C=C1,"InChI=1/C18H24N2/c1-14(2)13-15(3)19-17-9-11-18(12-10-17)20-16-7-5-4-6-8-16/h4-12,14-15,19-20H,13H2,1-3H3
",C18H24N2,268.404
DTXSID3024318,DSSTox_Substance_Id,DTXSID3024318,Terbutryn,886-50-0,IROINLKCQGIITA-UHFFFAOYSA-N,"N~2~-tert-Butyl-N~4~-ethyl-6-(methylsulfanyl)-1,3,5-triazine-2,4-diamine",CCNC1=NC(SC)=NC(NC(C)(C)C)=N1,"InChI=1S/C10H19N5S/c1-6-11-7-12-8(15-10(2,3)4)14-9(13-7)16-5/h6H2,1-5H3,(H2,11,12,13,14,15)
",C10H19N5S,241.36
DTXSID2021995,DSSTox_Substance_Id,DTXSID2021995,DEET,134-62-3,MMOXZBCLCQITDF-UHFFFAOYSA-N,"N,N-Diethyl-3-methylbenzamide",CCN(CC)C(=O)C1=CC=CC(C)=C1,"InChI=1S/C12H17NO/c1-4-13(5-2)12(14)11-8-6-7-10(3)9-11/h6-9H,4-5H2,1-3H3
",C12H17NO,191.274
DTXSID9029221,DSSTox_Substance_Id,DTXSID9029221,Clopyralid,1702-17-6,HUBANNPOLNYSAD-UHFFFAOYSA-N,"3,6-Dichloropyridine-2-carboxylic acid",OC(=O)C1=C(Cl)C=CC(Cl)=N1,"InChI=1S/C6H3Cl2NO2/c7-3-1-2-4(8)9-5(3)6(10)11/h1-2H,(H,10,11)
",C6H3Cl2NO2,192.0
DTXSID8034580,DSSTox_Substance_Id,DTXSID8034580,Ethofumesate,26225-79-6,IRCMYGHHKLLGHV-UHFFFAOYSA-N,"2-Ethoxy-3,3-dimethyl-2,3-dihydro-1-benzofuran-5-yl methanesulfonate",CCOC1OC2=C(C=C(OS(C)(=O)=O)C=C2)C1(C)C,"InChI=1/C13H18O5S/c1-5-16-12-13(2,3)10-8-9(18-19(4,14)15)6-7-11(10)17-12/h6-8,12H,5H2,1-4H3
",C13H18O5S,286.34
DTXSID0021337,DSSTox_Substance_Id,DTXSID0021337,Thiabendazole,148-79-8,WJCNZQLZVWNLKY-UHFFFAOYSA-N,"2-(1,3-Thiazol-4-yl)-1H-benzimidazole",N1C2=C(C=CC=C2)N=C1C1=CSC=N1,"InChI=1S/C10H7N3S/c1-2-4-8-7(3-1)12-10(13-8)9-5-14-6-11-9/h1-6H,(H,12,13)
",C10H7N3S,201.25
DTXSID0020446,DSSTox_Substance_Id,DTXSID0020446,Diuron,330-54-1,XMTQQYYKAHVGBJ-UHFFFAOYSA-N,"N'-(3,4-Dichlorophenyl)-N,N-dimethylurea",CN(C)C(=O)NC1=CC(Cl)=C(Cl)C=C1,"InChI=1S/C9H10Cl2N2O/c1-13(2)9(14)12-6-3-4-7(10)8(11)5-6/h3-5H,1-2H3,(H,12,14)
",C9H10Cl2N2O,233.09
DTXSID8034611,DSSTox_Substance_Id,DTXSID8034611,Flonicamid,158062-67-0,RLQJEEJISHYWON-UHFFFAOYSA-N,N-(Cyanomethyl)-4-(trifluoromethyl)pyridine-3-carboxamide,FC(F)(F)C1=CC=NC=C1C(=O)NCC#N,"InChI=1S/C9H6F3N3O/c10-9(11,12)7-1-3-14-5-6(7)8(16)15-4-2-13/h1,3,5H,4H2,(H,15,16)
",C9H6F3N3O,229.162
DTXSID2044345,DSSTox_Substance_Id,DTXSID2044345,Chlorantraniliprole,500008-45-7,PSOVNZZNOMJUBI-UHFFFAOYSA-N,3-Bromo-N-[4-chloro-2-methyl-6-(methylcarbamoyl)phenyl]-1-(3-chloropyridin-2-yl)-1H-pyrazole-5-carboxamide,CNC(=O)C1=CC(Cl)=CC(C)=C1NC(=O)C1=CC(Br)=NN1C1=C(Cl)C=CC=N1,"InChI=1S/C18H14BrCl2N5O2/c1-9-6-10(20)7-11(17(27)22-2)15(9)24-18(28)13-8-14(19)25-26(13)16-12(21)4-3-5-23-16/h3-8H,1-2H3,(H,22,27)(H,24,28)
",C18H14BrCl2N5O2,483.15
DTXSID1032359,DSSTox_Substance_Id,DTXSID1032359,Cyprodinil,121552-61-2,HAORKNGNJCEJBX-UHFFFAOYSA-N,4-Cyclopropyl-6-methyl-N-phenylpyrimidin-2-amine,CC1=NC(NC2=CC=CC=C2)=NC(=C1)C1CC1,"InChI=1S/C14H15N3/c1-10-9-13(11-7-8-11)17-14(15-10)16-12-5-3-2-4-6-12/h2-6,9,11H,7-8H2,1H3,(H,15,16,17)
",C14H15N3,225.295
DTXSID7023691,DSSTox_Substance_Id,DTXSID7023691,Tramadol hydrochloride,36282-47-0,PPKXEPBICJTCRU-NDFJEYLFNA-N,"rel-(1R,2R)-2-[(Dimethylamino)methyl]-1-(3-methoxyphenyl)cyclohexan-1-ol--hydrogen chloride (1/1)",Cl.COC1=CC=CC(=C1)[C@@]1(O)CCCC[C@@H]1CN(C)C,"InChI=1/C16H25NO2.ClH/c1-17(2)12-14-7-4-5-10-16(14,18)13-8-6-9-15(11-13)19-3;/h6,8-9,11,14,18H,4-5,7,10,12H2,1-3H3;1H/t14-,16+;/s2
",C16H26ClNO2,299.84
DTXSID2042436,DSSTox_Substance_Id,DTXSID2042436,Sulisobenzone,4065-45-6,CXVGEDCSTKKODG-UHFFFAOYSA-N,5-Benzoyl-4-hydroxy-2-methoxybenzene-1-sulfonic acid,COC1=C(C=C(C(=O)C2=CC=CC=C2)C(O)=C1)S(O)(=O)=O,"InChI=1S/C14H12O6S/c1-20-12-8-11(15)10(7-13(12)21(17,18)19)14(16)9-5-3-2-4-6-9/h2-8,15H,1H3,(H,17,18,19)
",C14H12O6S,308.3
DTXSID3025178,DSSTox_Substance_Id,DTXSID3025178,"1,3-Diphenylguanidine",102-06-7,OWRCNXZUPFZXOS-UHFFFAOYSA-N,"N,N'-Diphenylguanidine",N=C(NC1=CC=CC=C1)NC1=CC=CC=C1,"InChI=1S/C13H13N3/c14-13(15-11-7-3-1-4-8-11)16-12-9-5-2-6-10-12/h1-10H,(H3,14,15,16)
",C13H13N3,211.268
DTXSID0020442,DSSTox_Substance_Id,DTXSID0020442,"2,4-Dichlorophenoxyacetic acid",94-75-7,OVSKIKFHRZPJSS-UHFFFAOYSA-N,"(2,4-Dichlorophenoxy)acetic acid",OC(=O)COC1=C(Cl)C=C(Cl)C=C1,"InChI=1S/C8H6Cl2O3/c9-5-1-2-7(6(10)3-5)13-4-8(11)12/h1-3H,4H2,(H,11,12)
",C8H6Cl2O3,221.03
DTXSID4024195,DSSTox_Substance_Id,DTXSID4024195,2-(4-Chloro-2-methylphenoxy)acetic acid,94-74-6,WHKUVVPPKQRRBV-UHFFFAOYSA-N,(4-Chloro-2-methylphenoxy)acetic acid,CC1=C(OCC(O)=O)C=CC(Cl)=C1,"InChI=1S/C9H9ClO3/c1-6-4-7(10)2-3-8(6)13-5-9(11)12/h2-4H,5H2,1H3,(H,11,12)
",C9H9ClO3,200.62
DTXSID3031862,DSSTox_Substance_Id,DTXSID3031862,Perfluorohexanoic acid,307-24-4,PXUULQAPEKKVAH-UHFFFAOYSA-N,Undecafluorohexanoic acid,OC(=O)C(F)(F)C(F)(F)C(F)(F)C(F)(F)C(F)(F)F,"InChI=1S/C6HF11O2/c7-2(8,1(18)19)3(9,10)4(11,12)5(13,14)6(15,16)17/h(H,18,19)
",C6HF11O2,314.054
DTXSID8024315,DSSTox_Substance_Id,DTXSID8024315,Myclobutanil,88671-89-0,HZJKXKUJVSEEFU-UHFFFAOYSA-N,"2-(4-Chlorophenyl)-2-[(1H-1,2,4-triazol-1-yl)methyl]hexanenitrile",CCCCC(CN1C=NC=N1)(C#N)C1=CC=C(Cl)C=C1,"InChI=1/C15H17ClN4/c1-2-3-8-15(9-17,10-20-12-18-11-19-20)13-4-6-14(16)7-5-13/h4-7,11-12H,2-3,8,10H2,1H3
",C15H17ClN4,288.78
DTXSID3032549,DSSTox_Substance_Id,DTXSID3032549,Fenhexamid,126833-17-8,VDLGAVXLJYLFDH-UHFFFAOYSA-N,"N-(2,3-Dichloro-4-hydroxyphenyl)-1-methylcyclohexane-1-carboxamide",CC1(CCCCC1)C(=O)NC1=C(Cl)C(Cl)=C(O)C=C1,"InChI=1S/C14H17Cl2NO2/c1-14(7-3-2-4-8-14)13(19)17-9-5-6-10(18)12(16)11(9)15/h5-6,18H,2-4,7-8H2,1H3,(H,17,19)
",C14H17Cl2NO2,302.2
DTXSID7021106,DSSTox_Substance_Id,DTXSID7021106,Pentachlorophenol,87-86-5,IZUPBVBPLAPZRR-UHFFFAOYSA-N,Pentachlorophenol,OC1=C(Cl)C(Cl)=C(Cl)C(Cl)=C1Cl,"InChI=1S/C6HCl5O/c7-1-2(8)4(10)6(12)5(11)3(1)9/h12H
",C6HCl5O,266.32
DTXSID7022170,DSSTox_Substance_Id,DTXSID7022170,"2,6-Dichlorobenzamide",2008-58-4,JHSPCUHPSIUQRB-UHFFFAOYSA-N,"2,6-Dichlorobenzamide",NC(=O)C1=C(Cl)C=CC=C1Cl,"InChI=1S/C7H5Cl2NO/c8-4-2-1-3-5(9)6(4)7(10)11/h1-3H,(H2,10,11)
",C7H5Cl2NO,190.02
DTXSID8023848,DSSTox_Substance_Id,DTXSID8023848,Acetochlor,34256-82-1,VTNQPKFIQCLBDU-UHFFFAOYSA-N,2-Chloro-N-(ethoxymethyl)-N-(2-ethyl-6-methylphenyl)acetamide,CCOCN(C(=O)CCl)C1=C(CC)C=CC=C1C,"InChI=1S/C14H20ClNO2/c1-4-12-8-6-7-11(3)14(12)16(10-18-5-2)13(17)9-15/h6-8H,4-5,9-10H2,1-3H3
",C14H20ClNO2,269.77
DTXSID3047891,DSSTox_Substance_Id,DTXSID3047891,Bisphenol E,2081-08-5,HCNHNBLSNVSJTJ-UHFFFAOYSA-N,"4,4'-(Ethane-1,1-diyl)diphenol",CC(C1=CC=C(O)C=C1)C1=CC=C(O)C=C1,"InChI=1S/C14H14O2/c1-10(11-2-6-13(15)7-3-11)12-4-8-14(16)9-5-12/h2-10,15-16H,1H3
",C14H14O2,214.264
DTXSID4047963,DSSTox_Substance_Id,DTXSID4047963,Bisphenol Z,843-55-0,SDDLEVPIDBLVHC-UHFFFAOYSA-N,"2~3~,2~4~,2~5~,2~6~-Tetrahydro-2~2~H-[1~1~,2~1~:2~1~,3~1~-terphenyl]-1~4~,3~4~-diol",OC1=CC=C(C=C1)C1(CCCCC1)C1=CC=C(O)C=C1,"InChI=1S/C18H20O2/c19-16-8-4-14(5-9-16)18(12-2-1-3-13-18)15-6-10-17(20)11-7-15/h4-11,19-20H,1-3,12-13H2
",C18H20O2,268.356
