Ptox code,Compound name,DrugBank ID,CASRN,DTXSID,SMILES,INCHIKEY
PTX001,Cadmium chloride,'NA',10108-64-2,DTXSID6020226,[Cl-].[Cl-].[Cd++],YKYOUMDCQGMQQO-UHFFFAOYSA-L
PTX002,Ethoprop,'NA',13194-48-4,DTXSID4032611,CCCSP(=O)(OCC)SCCC,VJYFKVYYMZPMAB-UHFFFAOYSA-N
PTX003,"[4-Chloro-6-(2,3-xylidino)-2-pyrimidinylthio]acetic acid",'NA',50892-23-4,DTXSID4020290,CC1=C(C)C(NC2=NC(SCC(O)=O)=NC(Cl)=C2)=CC=C1,SZRPDCCEHVWOJX-UHFFFAOYSA-N
PTX004,Dimethyl sulfoxide,'NA',67-68-5,DTXSID2021735,CS(C)=O,IAZDPXIOMUYVGZ-UHFFFAOYSA-N
PTX005,Arsenic oxide (As2O3),DB01169,1327-53-3,DTXSID0020103,[O--].[O--].[O--].[As+3].[As+3],QTLQKAJBUDWPIB-UHFFFAOYSA-N
PTX006,Sodium arsenite,'NA',7784-46-5,DTXSID5020104,[Na+].[O-][As]=O,PTLRDCMBXHILCL-UHFFFAOYSA-M
PTX007,Acrylamide,'NA',79-06-1,DTXSID5020027,NC(=O)C=C,HRPVXLWXLXDGHG-UHFFFAOYSA-N
PTX008,N-Methylolacrylamide,'NA',924-42-5,DTXSID3020885,OCNC(=O)C=C,CNCOEDDPFOAUMB-UHFFFAOYSA-N
PTX009,"N,N'-Methylenebisacrylamide",'NA',110-26-9,DTXSID8025595,C=CC(=O)NCNC(=O)C=C,ZIUHHBKFKCYYJD-UHFFFAOYSA-N
PTX010,N-(Butoxymethyl)acrylamide,'NA',1852-16-0,DTXSID9027443,CCCCOCNC(=O)C=C,UTSYWKJYFPPRAP-UHFFFAOYSA-N
PTX011,N-(Isobutoxymethyl)acrylamide,'NA',16669-59-3,DTXSID2044848,CC(C)COCNC(=O)C=C,KCTMTGOHHMRJHZ-UHFFFAOYSA-N
PTX012,"N,N-Diethylacrylamide",'NA',2675-94-7,DTXSID10181258,CCN(CC)C(=O)C=C,OVHHHVAVHBHXAK-UHFFFAOYSA-N
PTX013,Methacrylamide,'NA',79-39-0,DTXSID8029600,CC(=C)C(N)=O,FQPSGWSUVKBHSU-UHFFFAOYSA-N
PTX014,Imidazole,DB03366,288-32-4,DTXSID2029616,N1C=CN=C1,RAXXELZNTBOGNW-UHFFFAOYSA-N
PTX015,4-Methylimidazole,DB03385,822-36-6,DTXSID9025617,CC1=CNC=N1,XLSZMDLNRCVEIJ-UHFFFAOYSA-N
PTX016,2-Methylimidazole,'NA',693-98-1,DTXSID4022107,CC1=NC=CN1,LXBGSDVWAMZHDD-UHFFFAOYSA-N
PTX017,1-Methylimidazole,DB02671,616-47-7,DTXSID6052291,CN1C=CN=C1,MCTWTZJPVLRJOU-UHFFFAOYSA-N
PTX018,"1H-Imidazole, 1,2-dimethyl-",'NA',1739-84-0,DTXSID2061939,CN1C=CN=C1C,GIWQSPITLQVMSG-UHFFFAOYSA-N
PTX019,2-Ethyl-4-methyl-1H-imidazole,'NA',931-36-2,DTXSID9044744,CCC1=NC(C)=CN1,ULKLGIFJWFIQFF-UHFFFAOYSA-N
PTX020,1H-Imidazole-1-propanamine,'NA',5036-48-6,DTXSID7063685,NCCCN1C=CN=C1,KDHWOCLBMVSZPG-UHFFFAOYSA-N
PTX021,Propofol,DB00818,2078-54-8,DTXSID6023523,CC(C)C1=CC=CC(C(C)C)=C1O,OLBCVFGFOZPWHH-UHFFFAOYSA-N
PTX022,Caffeine,DB00201,58-08-2,DTXSID0020232,CN1C=NC2=C1C(=O)N(C)C(=O)N2C,RYYVLZVUVIJVGH-UHFFFAOYSA-N
PTX023,N-Methylaniline,'NA',100-61-8,DTXSID9021841,CNC1=CC=CC=C1,AFBPFSWMIHJQDM-UHFFFAOYSA-N
PTX024,Fingolimod,DB08868,162359-55-9,DTXSID40167363,CCCCCCCCC1=CC=C(CCC(N)(CO)CO)C=C1,KKGQTZUTZRNORY-UHFFFAOYSA-N
PTX025,Triadimenol,'NA',55219-65-3,DTXSID0032493,CC(C)(C)C(O)C(OC1=CC=C(Cl)C=C1)N1C=NC=N1,BAZVSMNPJJMILC-UHFFFAOYSA-N
PTX026,Chlorpyrifos,'NA',2921-88-2,DTXSID4020458,CCOP(=S)(OCC)OC1=NC(Cl)=C(Cl)C=C1Cl,SBPBAQFWLVIOKP-UHFFFAOYSA-N
PTX027,Chlorpyrifos oxon,'NA',5598-15-2,DTXSID1038666,CCOP(=O)(OCC)OC1=NC(Cl)=C(Cl)C=C1Cl,OTMOUPHCTWPNSL-UHFFFAOYSA-N
PTX028,Genistein,DB01645,446-72-0,DTXSID5022308,OC1=CC=C(C=C1)C1=COC2=C(C(O)=CC(O)=C2)C1=O,TZBJGXHYKVUXJN-UHFFFAOYSA-N
PTX029,Niflumic acid,DB04552,4394-00-7,DTXSID1023368,OC(=O)C1=CC=CN=C1NC1=CC=CC(=C1)C(F)(F)F,JZFPYUNJRRFVQU-UHFFFAOYSA-N
PTX030,Pregnenolone,DB02789,145-13-1,DTXSID1036541,[H][C@@]12CC[C@H](C(C)=O)[C@@]1(C)CC[C@@]1([H])[C@@]2([H])CC=C2C[C@@H](O)CC[C@]12C,ORNBQBCIOKFOEO-QGVNFLHTSA-N
PTX031,Dexamethasone,DB01234,50-02-2,DTXSID3020384,[H][C@@]12C[C@@H](C)[C@](O)(C(=O)CO)[C@@]1(C)C[C@H](O)[C@@]1(F)[C@@]2([H])CCC2=CC(=O)C=C[C@]12C,UREBDLICKHMUKA-CXSFZGCWSA-N
PTX032,"4,5-Dihydro-2-mercaptoimidazole",'NA',96-45-7,DTXSID5020601,S=C1NCCN1,PDQAZBWRQCGBEV-UHFFFAOYSA-N
PTX033,Diphenylamine,'NA',122-39-4,DTXSID4021975,N(C1=CC=CC=C1)C1=CC=CC=C1,DMBHHRLKUKUOEG-UHFFFAOYSA-N
PTX034,Atorvastatin calcium trihydrate,'NA',344423-98-9,DTXSID50110042,O.O.O.[Ca++].CC(C)C1=C(C(=O)NC2=CC=CC=C2)C(=C(N1CC[C@@H](O)C[C@@H](O)CC([O-])=O)C1=CC=C(F)C=C1)C1=CC=CC=C1.CC(C)C1=C(C(=O)NC2=CC=CC=C2)C(=C(N1CC[C@@H](O)C[C@@H](O)CC([O-])=O)C1=CC=C(F)C=C1)C1=CC=CC=C1,SHZPNDRIDUBNMH-NIJVSVLQSA-L
PTX035,Fluoxetine hydrochloride,'NA',56296-78-7,DTXSID7020635,Cl.CNCCC(OC1=CC=C(C=C1)C(F)(F)F)C1=CC=CC=C1,GIYXAJPCNFJEHY-UHFFFAOYSA-N
PTX036,(-)-Nicotine,DB00184,54-11-5,DTXSID1020930,CN1CCC[C@H]1C1=CN=CC=C1,SNICXCGAKADSCV-JTQLQIEISA-N
PTX037,Valproic acid,DB00313,99-66-1,DTXSID6023733,CCCC(CCC)C(O)=O,NIJJYAXOARWZEE-UHFFFAOYSA-N
PTX038,Verapamil hydrochloride,'NA',152-11-4,DTXSID2034095,Cl.COC1=CC=C(CCN(C)CCCC(C#N)(C(C)C)C2=CC=C(OC)C(OC)=C2)C=C1OC,DOQPXTMNIUCOSY-UHFFFAOYSA-N
PTX039,Diclofenac,DB00586,15307-86-5,DTXSID6022923,OC(=O)CC1=C(NC2=C(Cl)C=CC=C2Cl)C=CC=C1,DCOPUUMXTXDBNB-UHFFFAOYSA-N
PTX040,Bisphenol A,DB06973,80-05-7,DTXSID7020182,CC(C)(C1=CC=C(O)C=C1)C1=CC=C(O)C=C1,IISBACLAFKSPIT-UHFFFAOYSA-N
PTX041,Clofibric acid,'NA',882-09-7,DTXSID1040661,CC(C)(OC1=CC=C(Cl)C=C1)C(O)=O,TXCGAZHTZHNUAI-UHFFFAOYSA-N
PTX042,Carbendazim,'NA',10605-21-7,DTXSID4024729,COC(=O)NC1=NC2=CC=CC=C2N1,TWFZGCMQGLPBSX-UHFFFAOYSA-N
PTX043,Tributyltin chloride,'NA',1461-22-9,DTXSID3027403,CCCC[Sn](Cl)(CCCC)CCCC,GCTFWCDSFPMHHS-UHFFFAOYSA-M
PTX044,Picoxystrobin,'NA',117428-22-5,DTXSID9047542,CO\C=C(\C(=O)OC)C1=C(COC2=NC(=CC=C2)C(F)(F)F)C=CC=C1,IBSNKSODLGJUMQ-SDNWHVSQSA-N
PTX045,2-Butoxyethanol,'NA',111-76-2,DTXSID1024097,CCCCOCCO,POAOYUHQDCAZBD-UHFFFAOYSA-N
PTX057,HC Yellow no. 13,'NA',10442-83-8,DTXSID10146483,OCCNC1=C(C=C(C=C1)C(F)(F)F)[N+]([O-])=O,NJZCRXQWPNNJNB-UHFFFAOYSA-N
PTX058,Tamoxifen,DB00675,10540-29-1,DTXSID1034187,CC\C(=C(/C1=CC=CC=C1)C1=CC=C(OCCN(C)C)C=C1)C1=CC=CC=C1,NKANXQFJJICGDU-QPLCGJKRSA-N
PTX059,"N,N-Dimethylacetamide",'NA',127-19-5,DTXSID5020499,CN(C)C(C)=O,FXHOOIRPVKKKFG-UHFFFAOYSA-N
PTX060,Atrazine,'NA',1912-24-9,DTXSID9020112,CCNC1=NC(NC(C)C)=NC(Cl)=N1,MXWJVTOOROXGIU-UHFFFAOYSA-N
PTX061,Imazalil,'NA',35554-44-0,DTXSID8024151,ClC1=CC(Cl)=C(C=C1)C(CN1C=CN=C1)OCC=C,PZBPKYOVPCNPJY-UHFFFAOYSA-N
PTX062,Cyclosporin A,DB00091,59865-13-3,DTXSID0020365,[H][C@@]1([C@H](O)[C@H](C)C\C=C\C)N(C)C(=O)[C@H](C(C)C)N(C)C(=O)[C@H](CC(C)C)N(C)C(=O)[C@H](CC(C)C)N(C)C(=O)[C@@H](C)NC(=O)[C@H](C)NC(=O)[C@H](CC(C)C)N(C)C(=O)[C@@H](NC(=O)[C@H](CC(C)C)N(C)C(=O)CN(C)C(=O)[C@H](CC)NC1=O)C(C)C,PMATZTZNYRCHOR-CGLBZJNRSA-N
PTX063,Tetracycline hydrochloride,'NA',64-75-5,DTXSID6021321,Cl.CN(C)[C@H]1[C@@H]2C[C@H]3C(=C(O)[C@]2(O)C(=O)C(C(N)=O)=C1O)C(=O)C1=C(C=CC=C1O)[C@@]3(C)O,XMEVHPAGJVLHIG-FMZCEJRJSA-N
PTX064,"2,5-Diaminotoluene sulfate",'NA',615-50-9,DTXSID50872532,[O-]S([O-])(=O)=O.CC1=C([NH3+])C=CC([NH3+])=C1,KZTWOUOZKZQDMN-UHFFFAOYSA-N
PTX065,"N,N-Dimethylformamide",DB01844,68-12-2,DTXSID6020515,CN(C)C=O,ZMXDDKWLCZADIW-UHFFFAOYSA-N
PTX066,"N,N'-Bis(2-hydroxyethyl)-2-nitro-p-phenylenediamine",'NA',84041-77-0,DTXSID90232939,OCCNC1=CC(=C(NCCO)C=C1)[N+]([O-])=O,HWQZRURILVPDGN-UHFFFAOYSA-N
PTX067,Cyproconazole,'NA',94361-06-5,DTXSID0032601,CC(C1CC1)C(O)(CN1C=NC=N1)C1=CC=C(Cl)C=C1,UFNOUKDBUJZYDE-UHFFFAOYSA-N
PTX068,2-Aminophenol,'NA',95-55-6,DTXSID8024498,NC1=C(O)C=CC=C1,CDAWCLOXVUBKRW-UHFFFAOYSA-N
PTX069,Tigecycline,DB00560,220620-09-7,DTXSID2048581,CN(C)[C@H]1[C@@H]2C[C@@H]3CC4=C(C(O)=C(NC(=O)CNC(C)(C)C)C=C4N(C)C)C(=O)C3=C(O)[C@]2(O)C(=O)C(C(N)=O)=C1O,FPZLLRFZJZRHSY-HJYUBDRYSA-N
PTX070,Rotenone,'NA',83-79-4,DTXSID6021248,[H][C@@]12COC3=C(C=C(OC)C(OC)=C3)[C@]1([H])C(=O)C1=CC=C3O[C@H](CC3=C1O2)C(C)=C,JUVIOZPCNVVQFO-HBGVWJBISA-N
PTX072,Acetaminophen,DB00316,103-90-2,DTXSID2020006,CC(=O)NC1=CC=C(O)C=C1,RZVAJINKPMORJF-UHFFFAOYSA-N
PTX073,"2,4,4'-Trichlorobiphenyl",'NA',7012-37-5,DTXSID2038310,ClC1=CC=C(C=C1)C1=C(Cl)C=C(Cl)C=C1,BZTYNSQSZHARAZ-UHFFFAOYSA-N
PTX074,"1H-Imidazole, 2-ethyl-",'NA',1072-62-4,DTXSID5061457,CCC1=NC=CN1,PQAMFDRRWURCFQ-UHFFFAOYSA-N
PTX075,1-Ethyl-1H-imidazole,'NA',7098-07-9,DTXSID10221209,CCN1C=CN=C1,IWDFHWZHHOSSGR-UHFFFAOYSA-N
PTX076,"1H-Imidazole, 1-ethenyl-",'NA',1072-63-5,DTXSID0061458,C=CN1C=CN=C1,OSSNTDFYBPYIEC-UHFFFAOYSA-N
PTX077,Trichlorfon,'NA',52-68-6,DTXSID0021389,COP(=O)(OC)C(O)C(Cl)(Cl)Cl,NFACJZMKEDPNKN-UHFFFAOYSA-N
PTX078,"5,5-Diphenylhydantoin",DB00252,57-41-0,DTXSID8020541,O=C1NC(=O)C(N1)(C1=CC=CC=C1)C1=CC=CC=C1,CXOFVDLJLONNDW-UHFFFAOYSA-N
PTX079,Tebuconazole,'NA',107534-96-3,DTXSID9032113,CC(C)(C)C(O)(CCC1=CC=C(Cl)C=C1)CN1C=NC=N1,PXMNMQRDXWABCY-UHFFFAOYSA-N
PTX080,Hexachlorophene,DB00756,70-30-4,DTXSID6020690,OC1=C(CC2=C(Cl)C(Cl)=CC(Cl)=C2O)C(Cl)=C(Cl)C=C1Cl,ACGUYXCXAPNIKK-UHFFFAOYSA-N
PTX081,Triethyltin bromide,'NA',2767-54-6,DTXSID9040712,CC[Sn](Br)(CC)CC,KQPIFPBKXYBDGV-UHFFFAOYSA-M
PTX082,Perfluorooctanoic acid,'NA',335-67-1,DTXSID8031865,OC(=O)C(F)(F)C(F)(F)C(F)(F)C(F)(F)C(F)(F)C(F)(F)C(F)(F)F,SNGREZUHAYWORS-UHFFFAOYSA-N
PTX083,Retinoic acid,DB00755,302-79-4,DTXSID7021239,C\C(\C=C\C1=C(C)CCCC1(C)C)=C/C=C/C(/C)=C/C(O)=O,SHGAZHPCJJPHSC-YCNIQYBTSA-N
PTX084,Haloperidol,DB00502,52-86-8,DTXSID4034150,OC1(CCN(CCCC(=O)C2=CC=C(F)C=C2)CC1)C1=CC=C(Cl)C=C1,LNEPOXFFQSENCJ-UHFFFAOYSA-N
PTX085,Chlorpromazine hydrochloride,'NA',69-09-0,DTXSID7024827,Cl.CN(C)CCCN1C2=C(SC3=C1C=C(Cl)C=C3)C=CC=C2,FBSMERQALIEGJT-UHFFFAOYSA-N
PTX086,Carbamazepine,DB00564,298-46-4,DTXSID4022731,NC(=O)N1C2=CC=CC=C2C=CC2=C1C=CC=C2,FFGPTBGBLSHEPO-UHFFFAOYSA-N
PTX087,Imidacloprid,'NA',138261-41-3,DTXSID5032442,[O-][N+](=O)\N=C1/NCCN1CC1=CN=C(Cl)C=C1,YWTYJOPNNQFBPC-UHFFFAOYSA-N
PTX088,Fipronil,'NA',120068-37-3,DTXSID4034609,NC1=C(C(=NN1C1=C(Cl)C=C(C=C1Cl)C(F)(F)F)C#N)S(=O)C(F)(F)F,ZOCSXAVNDGMNBV-UHFFFAOYSA-N
PTX089,Thiamethoxam,'NA',153719-23-4,DTXSID2034962,CN1COCN(CC2=CN=C(Cl)S2)C1=N[N+]([O-])=O,NWWZPOKUUAIXIW-UHFFFAOYSA-N
PTX090,Azoxystrobin,'NA',131860-33-8,DTXSID0032520,CO\C=C(\C(=O)OC)C1=CC=CC=C1OC1=CC(OC2=CC=CC=C2C#N)=NC=N1,WFDXOXNFNRHQEC-GHRIWEEISA-N
PTX091,Camptothecin,DB04690,7689-03-4,DTXSID0030956,CC[C@@]1(O)C(=O)OCC2=C1C=C1N(CC3=CC4=C(C=CC=C4)N=C13)C2=O,VSJKWCGYPAHWDS-FQEVSTJZSA-N
PTX092,Tetraethylthiuram disulfide,DB00822,97-77-8,DTXSID1021322,CCN(CC)C(=S)SSC(=S)N(CC)CC,AUZONCFQVSMFAP-UHFFFAOYSA-N
PTX093,Mebendazole,DB00643,31431-39-7,DTXSID4040682,COC(=O)NC1=NC2=C(N1)C=CC(=C2)C(=O)C1=CC=CC=C1,OPXLLQIJSORQAM-UHFFFAOYSA-N
PTX094,Citalopram,DB00215,59729-33-8,DTXSID8022826,CN(C)CCCC1(OCC2=CC(=CC=C12)C#N)C1=CC=C(F)C=C1,WSEQXVZVJXJVFP-UHFFFAOYSA-N
PTX095,Lidocaine,DB00281,137-58-6,DTXSID1045166,CCN(CC)CC(=O)NC1=C(C)C=CC=C1C,NNJVILVZKWQKPM-UHFFFAOYSA-N
PTX096,Cyclophosphamide monohydrate,'NA',6055-19-2,DTXSID6024888,O.ClCCN(CCCl)P1(=O)NCCCO1,PWOQRKCAHTVFLB-UHFFFAOYSA-N
PTX097,6-Propyl-2-thiouracil,DB00550,51-52-5,DTXSID5021209,CCCC1=CC(=O)NC(=S)N1,KNAHARQHSZJURB-UHFFFAOYSA-N
PTX098,Methimazole,DB00763,60-56-0,DTXSID4020820,CN1C=CNC1=S,PMRYVIKBURPHAH-UHFFFAOYSA-N
PTX099,5-Azacytidine,DB00928,320-67-2,DTXSID9020116,NC1=NC(=O)N(C=N1)[C@@H]1O[C@H](CO)[C@@H](O)[C@H]1O,NMUSYJAQQFHJEW-KVTDHHQDSA-N
PTX100,Cytarabine,DB00987,147-94-4,DTXSID3022877,NC1=NC(=O)N(C=C1)[C@@H]1O[C@H](CO)[C@@H](O)[C@@H]1O,UHDGCWIWMRVCDJ-CCXZUQQUSA-N
PTX101,Hydroxyurea,DB01005,127-07-1,DTXSID6025438,NC(=O)NO,VSNHCAURESNICA-UHFFFAOYSA-N
PTX102,Colchicine,DB01394,64-86-8,DTXSID5024845,COC1=CC2=C(C(OC)=C1OC)C1=CC=C(OC)C(=O)C=C1[C@H](CC2)NC(C)=O,IAKHMKGGTNLKSZ-INIZCTEOSA-N
PTX103,Aspartame,DB00168,22839-47-0,DTXSID0020107,COC(=O)[C@H](CC1=CC=CC=C1)NC(=O)[C@@H](N)CC(O)=O,IAOZJIPTCAWIRG-QWRGUYRKSA-N
PTX104,5-Fluorouracil,DB00544,51-21-8,DTXSID2020634,FC1=CNC(=O)NC1=O,GHASVSINZRGABV-UHFFFAOYSA-N
PTX105,Methotrexate,DB00563,59-05-2,DTXSID4020822,FBOZXECLQNJBKD-ZDUSSCGKSA-N,CN(CC1=CN=C2C(=N1)C(=NC(=N2)N)N)C3=CC=C(C=C3)C(=O)NC(CCC(=O)O)C(=O)O
PTX106,5-Bromo-2'-deoxyuridine,'NA',59-14-3,DTXSID7033105,OC[C@H]1O[C@H](C[C@@H]1O)N1C=C(Br)C(=O)NC1=O,WOVKYSAHUYNSMH-RRKCRQDMSA-N
PTX107,17alpha-Ethinylestradiol,DB00977,57-63-6,DTXSID5020576,[H][C@@]12CC[C@@](O)(C#C)[C@@]1(C)CC[C@]1([H])C3=C(CC[C@@]21[H])C=C(O)C=C3,BFPYWIDHMRZLRN-SLHNCBLASA-N
PTX108,Cyproterone acetate,DB04839,427-51-0,DTXSID5020366,CC(=O)O[C@@]1(CC[C@H]2[C@@H]3C=C(Cl)C4=CC(=O)[C@@H]5C[C@@H]5[C@]4(C)[C@H]3CC[C@]12C)C(C)=O,UWFYSQMTEOIJJG-FDTZYFLXSA-N
PTX109,Progesterone,DB00396,57-83-0,DTXSID3022370,[H][C@@]12CC[C@H](C(C)=O)[C@@]1(C)CC[C@@]1([H])[C@@]2([H])CCC2=CC(=O)CC[C@]12C,RJKFOVLPORLFTN-LEKSSAKUSA-N
PTX110,Spironolactone,DB00421,52-01-7,DTXSID6034186,[H][C@@]12CC[C@@]3(CCC(=O)O3)[C@@]1(C)CC[C@@]1([H])[C@@]2([H])[C@@H](CC2=CC(=O)CC[C@]12C)SC(C)=O,LXMSZDCAJNLERA-ZHYRCANASA-N
PTX111,17-Methyltestosterone,DB06710,58-18-4,DTXSID1033664,C[C@]1(O)CC[C@H]2[C@@H]3CCC4=CC(=O)CC[C@]4(C)[C@H]3CC[C@]12C,GCKMFJBGXUYNAG-HLXURNFRSA-N
PTX112,Finasteride,DB01216,98319-26-7,DTXSID3020625,CC(C)(C)NC(=O)[C@H]1CC[C@H]2[C@@H]3CC[C@H]4NC(=O)C=C[C@]4(C)[C@H]3CC[C@]12C,DBEPLOCGEIEOCV-WSBQPABSSA-N
PTX113,Fenitrothion,'NA',122-14-5,DTXSID4032613,COP(=S)(OC)OC1=CC=C(C(C)=C1)[N+]([O-])=O,ZNOLGFHPUIJIMJ-UHFFFAOYSA-N
PTX114,Estriol,DB04573,50-27-1,DTXSID9022366,C[C@]12CC[C@H]3[C@@H](CCC4=C3C=CC(O)=C4)[C@@H]1C[C@@H](O)[C@@H]2O,PROQIPRRNZUXQM-ZXXIGWHRSA-N
PTX115,Metformin hydrochloride,'NA',1115-70-4,DTXSID9037246,Cl.CN(C)C(=N)NC(N)=N,OETHQSJEHLVLGH-UHFFFAOYSA-N
PTX116,Sodium perchlorate,'NA',7601-89-0,DTXSID1034185,[Na+].[O-][Cl](=O)(=O)=O,BAZAXWOYCMUHIX-UHFFFAOYSA-M
PTX117,Vinclozolin,'NA',50471-44-8,DTXSID4022361,CC1(OC(=O)N(C1=O)C1=CC(Cl)=CC(Cl)=C1)C=C,FSCWZHGZWWDELK-UHFFFAOYSA-N
PTX118,Tiratricol,DB03604,51-24-1,DTXSID2045232,OC(=O)CC1=CC(I)=C(OC2=CC(I)=C(O)C=C2)C(I)=C1,UOWZUVNAGUAEQC-UHFFFAOYSA-N
PTX119,Flutamide,DB00499,13311-84-7,DTXSID7032004,CC(C)C(=O)NC1=CC(=C(C=C1)[N+]([O-])=O)C(F)(F)F,MKXKFYHWDHIYRV-UHFFFAOYSA-N
PTX120,Estrone,DB00655,53-16-7,DTXSID4022367,[H][C@@]12CCC(=O)[C@@]1(C)CC[C@]1([H])C3=C(CC[C@@]21[H])C=C(O)C=C3,DNXHEGUUPJUMQT-CBZIJGRNSA-N
PTX121,Testosterone,DB00624,58-22-0,DTXSID8022371,[H][C@@]12CC[C@H](O)[C@@]1(C)CC[C@@]1([H])[C@@]2([H])CCC2=CC(=O)CC[C@]12C,MUMGGOZAMZWBJJ-DYKIIFRCSA-N
PTX122,Linuron,'NA',330-55-2,DTXSID2024163,CON(C)C(=O)NC1=CC=C(Cl)C(Cl)=C1,XKJMBINCVNINCA-UHFFFAOYSA-N
PTX123,17beta-Trenbolone,'NA',10161-33-8,DTXSID0034192,[H][C@@]12CC[C@H](O)[C@@]1(C)C=CC1=C3CCC(=O)C=C3CC[C@@]21[H],MEHHPFQKXOUFFV-OWSLCNJRSA-N
PTX124,Raloxifene hydrochloride,'NA',82640-04-8,DTXSID1034181,Cl.OC1=CC=C(C=C1)C1=C(C(=O)C2=CC=C(OCCN3CCCCC3)C=C2)C2=CC=C(O)C=C2S1,BKXVVCILCIUCLG-UHFFFAOYSA-N
PTX125,5alpha-Dihydrotestosterone,DB02901,521-18-6,DTXSID9022364,[H][C@@]12CC[C@H](O)[C@@]1(C)CC[C@@]1([H])[C@@]2([H])CC[C@@]2([H])CC(=O)CC[C@]12C,NVKAWKQGWWIWPM-ABEVXSGRSA-N
PTX126,Anastrozole,DB01217,120511-73-1,DTXSID9022607,CC(C)(C#N)C1=CC(=CC(CN2C=NC=N2)=C1)C(C)(C)C#N,YBBLVLTVTVSKRW-UHFFFAOYSA-N
PTX127,Hydrocortisone,DB00741,50-23-7,DTXSID7020714,C[C@]12C[C@H](O)[C@H]3[C@@H](CCC4=CC(=O)CC[C@]34C)[C@@H]1CC[C@]2(O)C(=O)CO,JYGXADMDTFJGBT-VWUMJDOOSA-N
PTX128,Metyrapone,DB01011,54-36-4,DTXSID1023314,CC(C)(C(=O)C1=CN=CC=C1)C1=CN=CC=C1,FJLBFSROUSIWMA-UHFFFAOYSA-N
PTX129,Levothyroxine,DB00451,51-48-9,DTXSID8023214,N[C@@H](CC1=CC(I)=C(OC2=CC(I)=C(O)C(I)=C2)C(I)=C1)C(O)=O,XUIIKFGFIJCVMT-LBPRGKRZSA-N
PTX130,Aldosterone,DB04630,52-39-1,DTXSID7022419,[H][C@@]12CC[C@H](C(=O)CO)[C@]1(C[C@H](O)[C@@]1([H])[C@@]2([H])CCC2=CC(=O)CC[C@]12C)C=O,PQSUYGKTWSAVDQ-ZVIOFETBSA-N
PTX131,Iopanoic acid,'NA',96-83-3,DTXSID6023159,CCC(CC1=C(I)C=C(I)C(N)=C1I)C(O)=O,OIRFJRBSRORBCM-UHFFFAOYSA-N
PTX132,Fulvestrant,DB00947,129453-61-8,DTXSID4022369,[H][C@@]12CC[C@H](O)[C@@]1(C)CC[C@]1([H])C3=C(C[C@@H](CCCCCCCCCS(=O)CCCC(F)(F)C(F)(F)F)[C@@]21[H])C=C(O)C=C3,VWUXBMIQPBEWFH-WCCTWKNTSA-N
PTX133,Triphenyl phosphate,'NA',115-86-6,DTXSID1021952,O=P(OC1=CC=CC=C1)(OC1=CC=CC=C1)OC1=CC=CC=C1,XZZNDPSIHUTMOC-UHFFFAOYSA-N
PTX134,Prochloraz,'NA',67747-09-5,DTXSID4024270,CCCN(CCOC1=C(Cl)C=C(Cl)C=C1Cl)C(=O)N1C=CN=C1,TVLSRXXIMLFWEO-UHFFFAOYSA-N
PTX135,Dutasteride,DB01126,164656-23-9,DTXSID8046452,[H][C@@]12CC[C@H](C(=O)NC3=CC(=CC=C3C(F)(F)F)C(F)(F)F)[C@@]1(C)CC[C@@]1([H])[C@@]2([H])CC[C@@]2([H])NC(=O)C=C[C@]12C,JWJOTENAMICLJG-QWBYCMEYSA-N
PTX136,Levonorgestrel,DB00367,797-63-7,DTXSID3036496,[H][C@@]12CC[C@@](O)(C#C)[C@@]1(CC)CC[C@]1([H])[C@@]3([H])CCC(=O)C=C3CC[C@@]21[H],WWYNJERNGUHSAO-XUDSTZEESA-N
PTX137,Mifepristone,DB00834,84371-65-3,DTXSID5023322,[H][C@@]12CC[C@@](O)(C#CC)[C@@]1(C)C[C@]([H])(C1=CC=C(C=C1)N(C)C)C1=C3CCC(=O)C=C3CC[C@@]21[H],VKHAHZOOUSRJNA-GCNJZUOMSA-N
PTX138,Ethylparaben,'NA',120-47-8,DTXSID9022528,CCOC(=O)C1=CC=C(O)C=C1,NUVBSKCKDOMJSU-UHFFFAOYSA-N
PTX139,Lithium carbonate,DB14509,554-13-2,DTXSID1023784,[Li+].[Li+].[O-]C([O-])=O,XGZVUEUWXADBQD-UHFFFAOYSA-L
PTX140,"1-(1-(4,4-bis(4-fluorophenyl)butyl)-4-piperidinyl)-1,3-dihydro-2H-Benzimidazol-2-one",DB01100,2062-78-4,DTXSID8023474,FC1=CC=C(C=C1)C(CCCN1CCC(CC1)N1C(=O)NC2=C1C=CC=C2)C1=CC=C(F)C=C1,YVUQSNJEYSNKRX-UHFFFAOYSA-N
PTX141,Naproxen,DB00788,22204-53-1,DTXSID4040686,COC1=CC2=CC=C(C=C2C=C1)[C@H](C)C(O)=O,CMWTZPSULFXXJA-VIFPVBQESA-N
PTX142,Adriamycin hydrochloride,'NA',25316-40-9,DTXSID3030636,Cl.[H][C@@]1(C[C@H](N)[C@H](O)[C@H](C)O1)O[C@H]1C[C@@](O)(CC2=C(O)C3=C(C(O)=C12)C(=O)C1=C(OC)C=CC=C1C3=O)C(=O)CO,MWWSFMDVAYGXBV-RUELKSSGSA-N
PTX143,Bis(4-hydroxyphenyl)methane,'NA',620-92-8,DTXSID9022445,OC1=CC=C(CC2=CC=C(O)C=C2)C=C1,PXKLMJQFEQBVLD-UHFFFAOYSA-N
PTX144,Sorafenib,DB00398,284461-73-0,DTXSID7041128,CNC(=O)C1=CC(OC2=CC=C(NC(=O)NC3=CC=C(Cl)C(=C3)C(F)(F)F)C=C2)=CC=N1,MLDQJTXFUGDVEO-UHFFFAOYSA-N
PTX145,Clomipramine,DB01242,303-49-1,DTXSID6022844,CN(C)CCCN1C2=CC=CC=C2CCC2=CC=C(Cl)C=C12,GDLIGKIOYRNHDA-UHFFFAOYSA-N
PTX146,Lenvatinib,DB09078,417716-92-8,DTXSID50194605,COC1=CC2=NC=CC(OC3=CC(Cl)=C(NC(=O)NC4CC4)C=C3)=C2C=C1C(N)=O,WOSKHXYHFSIKNG-UHFFFAOYSA-N
PTX147,Nadolol,DB01203,42200-33-9,DTXSID3023342,CC(C)(C)NCC(O)COC1=CC=CC2=C1CC(O)C(O)C2,VWPOSFSPZNDTMJ-UHFFFAOYSA-N
PTX150,Flecainide,DB01195,54143-55-4,DTXSID8023054,FC(F)(F)COC1=CC(C(=O)NCC2CCCCN2)=C(OCC(F)(F)F)C=C1,DJBNUMBKLMJRSA-UHFFFAOYSA-N
PTX151,Droperidol,DB00450,548-73-2,DTXSID6022973,FC1=CC=C(C=C1)C(=O)CCCN1CCC(=CC1)N1C(=O)NC2=CC=CC=C12,RMEDXOLNCUSCGS-UHFFFAOYSA-N
PTX152,Ethanol,DB00898,64-17-5,DTXSID9020584,CCO,LFQSCWFLJHTTHZ-UHFFFAOYSA-N
PTX153,Hydroxyzine dihydrochloride,'NA',2192-20-3,DTXSID2040737,Cl.Cl.OCCOCCN1CCN(CC1)C(C1=CC=CC=C1)C1=CC=C(Cl)C=C1,ANOMHKZSQFYSBR-UHFFFAOYSA-N
PTX155,Clarithromycin,DB01211,81103-11-9,DTXSID3022829,CC[C@H]1OC(=O)[C@H](C)[C@@H](O[C@H]2C[C@@](C)(OC)[C@@H](O)[C@H](C)O2)[C@H](C)[C@@H](O[C@@H]2O[C@H](C)C[C@@H]([C@H]2O)N(C)C)[C@@](C)(C[C@@H](C)C(=O)[C@H](C)[C@@H](O)[C@]1(C)O)OC,AGOYDEPGAOXOCK-KCBOHYOISA-N
PTX156,Dasatinib monohydrate,'NA',863127-77-9,DTXSID50235486,O.CC1=NC(=CC(NC2=NC=C(S2)C(=O)NC2=C(C)C=CC=C2Cl)=N1)N1CCN(CCO)CC1,XHXFZZNHDVTMLI-UHFFFAOYSA-N
PTX157,Fluconazole,DB00196,86386-73-4,DTXSID3020627,OC(CN1C=NC=N1)(CN1C=NC=N1)C1=C(F)C=C(F)C=C1,RFHAOTPXVQNOHP-UHFFFAOYSA-N
PTX158,Methylparaben,'NA',99-76-3,DTXSID4022529,COC(=O)C1=CC=C(O)C=C1,LXCFILQKKLGQFO-UHFFFAOYSA-N
PTX159,"3,3',5,5'-Tetrabromobisphenol A",'NA',79-94-7,DTXSID1026081,CC(C)(C1=CC(Br)=C(O)C(Br)=C1)C1=CC(Br)=C(O)C(Br)=C1,VEORPZCZECFIRK-UHFFFAOYSA-N
PTX160,3'-Azido-3'-deoxythymidine,DB00495,30516-87-1,DTXSID8020127,CC1=CN([C@H]2C[C@H](N=[N+]=[N-])[C@@H](CO)O2)C(=O)NC1=O,HBOMLICNUCNMMY-XLPZGREQSA-N
PTX161,Amitriptyline hydrochloride,'NA',549-18-8,DTXSID9033187,Cl.CN(C)CCC=C1C2=C(CCC3=C1C=CC=C3)C=CC=C2,KFYRPLNVJVHZGT-UHFFFAOYSA-N
PTX162,Enniatin B1,'NA',19914-20-6,DTXSID70891861,[H][C@@]1([C@@H](C)CC)N(C)C(=O)[C@H](OC(=O)[C@H](C(C)C)N(C)C(=O)[C@H](OC(=O)[C@H](C(C)C)N(C)C(=O)[C@H](OC1=O)C(C)C)C(C)C)C(C)C,UQCSETXJXJTMKO-UMURLBKASA-N
PTX163,Tunicamycin,'NA',11089-65-9,DTXSID8036730,'NA','NA'
PTX164,"4-(4-{4-[4-({2-(2,4-Dichlorophenyl)-2-[(1H-1,2,4-triazol-1-yl)methyl]-1,3-dioxolan-4-yl}methoxy)phenyl]piperazin-1-yl}phenyl)-2-(3-hydroxybutan-2-yl)-2,4-dihydro-3H-1,2,4-triazol-3-one",'NA',112559-91-8,DTXSID00920835,CC(O)C(C)N1N=CN(C1=O)C1=CC=C(C=C1)N1CCN(CC1)C1=CC=C(OCC2COC(CN3C=NC=N3)(O2)C2=C(Cl)C=C(Cl)C=C2)C=C1,ISJVOEOJQLKSJU-UHFFFAOYSA-N
PTX165,"4-(4-Chlorophenyl)-2-phenyl-2-(1H-1,2,4-triazol-1-ylmethyl)butyronitrile",'NA',114369-43-6,DTXSID8032548,ClC1=CC=C(CCC(CN2C=NC=N2)(C#N)C2=CC=CC=C2)C=C1,RQDJADAKIFFEKQ-UHFFFAOYSA-N
PTX166,Triazole alanine (as metabolite of triazole compounds),'NA',114419-45-3,DTXSID9058288,NC(CN1C=NC=N1)C(O)=O,XVWFTOJHOHJIMQ-UHFFFAOYSA-N
PTX167,Difenoconazole,'NA',119446-68-3,DTXSID4032372,CC1COC(CN2C=NC=N2)(O1)C1=C(Cl)C=C(OC2=CC=C(Cl)C=C2)C=C1,BQYJATMQXGBDHF-UHFFFAOYSA-N
PTX168,Epoxiconazole,'NA',133855-98-8,DTXSID1040372,FC1=CC=C(C=C1)[C@@]1(CN2C=NC=N2)O[C@@H]1C1=C(Cl)C=CC=C1,ZMYFCFLJBGAQRS-RXQGYGPJNA-N
PTX169,Prothioconazole,'NA',178928-70-6,DTXSID4034869,OC(CN1N=CNC1=S)(CC1=C(Cl)C=CC=C1)C1(Cl)CC1,MNHVNIJQQRJYDH-UHFFFAOYSA-N
PTX170,(S)-O-methyl-serine dodecylamide hydrochloride,'NA',2074614-60-9,DTXSID701015073,Cl.CCCCCCCCCCCCNC(=O)[C@@H](N)COC,KEFSFBIMLKNBML-RSAXXLAASA-N
PTX171,"1,2,4-Triazole-1-acetic acid",'NA',28711-29-7,DTXSID90365231,OC(=O)CN1C=NC=N1,RXDBSQXFIWBJSR-UHFFFAOYSA-N
PTX172,"1H-1,2,4-Triazole",'NA',288-88-0,DTXSID6027131,N1C=NC=N1,NSPMIYGKQJPBQR-UHFFFAOYSA-N
PTX173,Chloroquine bis(phosphate),'NA',50-63-5,DTXSID7044681,OP(O)(O)=O.OP(O)(O)=O.CCN(CC)CCCC(C)NC1=C2C=CC(Cl)=CC2=NC=C1,QKICWELGRMTQCR-UHFFFAOYSA-N
PTX174,Propiconazole,'NA',60207-90-1,DTXSID8024280,CCCC1COC(CN2C=NC=N2)(O1)C1=C(Cl)C=C(Cl)C=C1,STJLVHWMYQXCPB-UHFFFAOYSA-N
PTX175,Ketoconazole,DB01026,65277-42-1,DTXSID7029879,CC(=O)N1CCN(CC1)C1=CC=C(OC[C@H]2CO[C@@](CN3C=CN=C3)(O2)C2=CC=C(Cl)C=C2Cl)C=C1,XMAYWYJOQHXEEK-OZXSUGGESA-N
PTX176,Itraconazole,DB01167,84625-61-6,DTXSID3023180,CCC(C)N1N=CN(C1=O)C1=CC=C(C=C1)N1CCN(CC1)C1=CC=C(OC[C@H]2CO[C@@](CN3C=NC=N3)(O2)C2=C(Cl)C=C(Cl)C=C2)C=C1,VHVPQPYKVGDNFY-ZPGVKDDISA-N
PTX177,Etaconazole,'NA',60207-93-4,DTXSID2041913,CCC1COC(CN2C=NC=N2)(O1)C1=C(Cl)C=C(Cl)C=C1,DWRKFAJEBUWTQM-UHFFFAOYSA-N
PTX178,Penconazole,'NA',66246-88-6,DTXSID8042260,CCCC(CN1C=NC=N1)C1=C(Cl)C=C(Cl)C=C1,WKBPZYKAUNRMKP-UHFFFAOYSA-N
PTX179,Omeprazole,DB00338,73590-58-6,DTXSID6021080,COC1=CC2=C(NC(=N2)S(=O)CC2=C(C)C(OC)=C(C)C=N2)C=C1,SUBDBMMJDZJVOS-UHFFFAOYSA-N
PTX180,Triamterene,DB00384,396-01-0,DTXSID6021373,NC1=NC(N)=C2N=C(C(N)=NC2=N1)C1=CC=CC=C1,FNYLWPVRPXGIIP-UHFFFAOYSA-N
PTX181,Sulfamethoxazole,DB01015,723-46-6,DTXSID8026064,CC1=CC(NS(=O)(=O)C2=CC=C(N)C=C2)=NO1,JLKIGFTWXXRPMT-UHFFFAOYSA-N
PTX183,Adefovir dipivoxil,DB00718,142340-99-6,DTXSID5046487,CC(C)(C)C(=O)OCOP(=O)(COCCN1C=NC2=C1N=CN=C2N)OCOC(=O)C(C)(C)C,WOZSCQDILHKSGG-UHFFFAOYSA-N
PTX185,Rosiglitazone,DB00412,122320-73-4,DTXSID7037131,CN(CCOC1=CC=C(CC2SC(=O)NC2=O)C=C1)C1=NC=CC=C1,YASAKCUCGLMORW-UHFFFAOYSA-N
PTX186,Pentamidine,DB00738,100-33-4,DTXSID7023431,NC(=N)C1=CC=C(OCCCCCOC2=CC=C(C=C2)C(N)=N)C=C1,XDRYMKDFEDOLFX-UHFFFAOYSA-N
PTX187,Phenacetin,DB03783,62-44-2,DTXSID1021116,CCOC1=CC=C(NC(C)=O)C=C1,CPJSUEIXXCENMM-UHFFFAOYSA-N
PTX188,Amoxicillin,DB01060,26787-78-0,DTXSID3037044,[H][C@]12SC(C)(C)[C@@H](N1C(=O)[C@H]2NC(=O)[C@H](N)C1=CC=C(O)C=C1)C(O)=O,LSQZJLSUYDQPKJ-NJBDSQKTSA-N
PTX191,Ciprofloxacin,DB00537,85721-33-1,DTXSID8022824,OC(=O)C1=CN(C2CC2)C2=CC(N3CCNCC3)=C(F)C=C2C1=O,MYSWGUAQZAJSOK-UHFFFAOYSA-N
PTX194,Ampicillin,DB00415,69-53-4,DTXSID4022602,[H][C@]12SC(C)(C)[C@@H](N1C(=O)[C@H]2NC(=O)[C@H](N)C1=CC=CC=C1)C(O)=O,AVKUERGKIZMTKX-NJBDSQKTSA-N
PTX195,Enalapril,DB00584,75847-73-3,DTXSID5022982,CCOC(=O)[C@H](CCC1=CC=CC=C1)N[C@@H](C)C(=O)N1CCC[C@H]1C(O)=O,GBXSMTUPTTWBMN-XIRDDKMYSA-N
PTX196,Irbesartan,DB01029,138402-11-6,DTXSID0023169,CCCCC1=NC2(CCCC2)C(=O)N1CC1=CC=C(C=C1)C1=CC=CC=C1C1=NN=NN1,YOSHYTLCDANDAN-UHFFFAOYSA-N
PTX197,Furosemide,DB00695,54-31-9,DTXSID6020648,NS(=O)(=O)C1=C(Cl)C=C(NCC2=CC=CO2)C(=C1)C(O)=O,ZZUFCTLCJUWOSV-UHFFFAOYSA-N
PTX198,Acyclovir,DB00787,59277-89-3,DTXSID1022556,NC1=NC(=O)C2=C(N1)N(COCCO)C=N2,MKUXAQIIEYXACX-UHFFFAOYSA-N
PTX199,Ibuprofen,DB01050,15687-27-1,DTXSID5020732,CC(C)CC1=CC=C(C=C1)C(C)C(O)=O,HEFNNWSXXWATRW-UHFFFAOYSA-N
PTX200,Sulfadiazine,DB00359,68-35-9,DTXSID7044130,NC1=CC=C(C=C1)S(=O)(=O)NC1=NC=CC=N1,SEEPANYCNGTZFQ-UHFFFAOYSA-N
PTX201,Tenofovir,DB14126,147127-20-6,DTXSID9040132,SGOIRFVFHAKUTI-ZCFIWIBFSA-N,CC(CN1C=NC2=C(N=CN=C21)N)OCP(=O)(O)O
PTX202,Pamidronic acid,DB00282,40391-99-9,DTXSID4023414,NCCC(O)(P(O)(O)=O)P(O)(O)=O,WRUUGTRCQOWXEG-UHFFFAOYSA-N
PTX203,6PPD,'NA',793-24-8,DTXSID9025114,CC(C)CC(C)NC1=CC=C(NC2=CC=CC=C2)C=C1,ZZMVLMVFYMGSMY-UHFFFAOYSA-N
PTX205,Terbutryn,'NA',886-50-0,DTXSID3024318,CCNC1=NC(SC)=NC(NC(C)(C)C)=N1,IROINLKCQGIITA-UHFFFAOYSA-N
PTX206,DEET,'NA',134-62-3,DTXSID2021995,CCN(CC)C(=O)C1=CC=CC(C)=C1,MMOXZBCLCQITDF-UHFFFAOYSA-N
PTX208,Clopyralid,'NA',1702-17-6,DTXSID9029221,OC(=O)C1=C(Cl)C=CC(Cl)=N1,HUBANNPOLNYSAD-UHFFFAOYSA-N
PTX209,Ethofumesate,'NA',26225-79-6,DTXSID8034580,CCOC1OC2=C(C=C(OS(C)(=O)=O)C=C2)C1(C)C,IRCMYGHHKLLGHV-UHFFFAOYSA-N
PTX212,Thiabendazole,DB00730,148-79-8,DTXSID0021337,N1C2=C(C=CC=C2)N=C1C1=CSC=N1,WJCNZQLZVWNLKY-UHFFFAOYSA-N
PTX214,Diuron,'NA',330-54-1,DTXSID0020446,CN(C)C(=O)NC1=CC(Cl)=C(Cl)C=C1,XMTQQYYKAHVGBJ-UHFFFAOYSA-N
PTX217,Flonicamid,'NA',158062-67-0,DTXSID8034611,FC(F)(F)C1=CC=NC=C1C(=O)NCC#N,RLQJEEJISHYWON-UHFFFAOYSA-N
PTX219,Chlorantraniliprole,'NA',500008-45-7,DTXSID2044345,CNC(=O)C1=CC(Cl)=CC(C)=C1NC(=O)C1=CC(Br)=NN1C1=C(Cl)C=CC=N1,PSOVNZZNOMJUBI-UHFFFAOYSA-N
PTX221,Cyprodinil,'NA',121552-61-2,DTXSID1032359,CC1=NC(NC2=CC=CC=C2)=NC(=C1)C1CC1,HAORKNGNJCEJBX-UHFFFAOYSA-N
PTX222,Tramadol hydrochloride,'NA',36282-47-0,DTXSID7023691,Cl.COC1=CC=CC(=C1)[C@@]1(O)CCCC[C@@H]1CN(C)C,PPKXEPBICJTCRU-XMZRARIVSA-N
PTX223,Sulisobenzone,DB11185,4065-45-6,DTXSID2042436,COC1=C(C=C(C(=O)C2=CC=CC=C2)C(O)=C1)S(O)(=O)=O,CXVGEDCSTKKODG-UHFFFAOYSA-N
PTX224,"1,3-Diphenylguanidine",'NA',102-06-7,DTXSID3025178,N=C(NC1=CC=CC=C1)NC1=CC=CC=C1,OWRCNXZUPFZXOS-UHFFFAOYSA-N
PTX225,"2,4-Dichlorophenoxyacetic acid",'NA',94-75-7,DTXSID0020442,OC(=O)COC1=C(Cl)C=C(Cl)C=C1,OVSKIKFHRZPJSS-UHFFFAOYSA-N
PTX226,2-(4-Chloro-2-methylphenoxy)acetic acid,'NA',94-74-6,DTXSID4024195,CC1=C(OCC(O)=O)C=CC(Cl)=C1,WHKUVVPPKQRRBV-UHFFFAOYSA-N
PTX227,Perfluorohexanoic acid,'NA',307-24-4,DTXSID3031862,OC(=O)C(F)(F)C(F)(F)C(F)(F)C(F)(F)C(F)(F)F,PXUULQAPEKKVAH-UHFFFAOYSA-N
PTX230,Myclobutanil,'NA',88671-89-0,DTXSID8024315,CCCCC(CN1C=NC=N1)(C#N)C1=CC=C(Cl)C=C1,HZJKXKUJVSEEFU-UHFFFAOYSA-N
PTX231,Fenhexamid,'NA',126833-17-8,DTXSID3032549,CC1(CCCCC1)C(=O)NC1=C(Cl)C(Cl)=C(O)C=C1,VDLGAVXLJYLFDH-UHFFFAOYSA-N
PTX232,Pentachlorophenol,'NA',87-86-5,DTXSID7021106,OC1=C(Cl)C(Cl)=C(Cl)C(Cl)=C1Cl,IZUPBVBPLAPZRR-UHFFFAOYSA-N
PTX233,"2,6-Dichlorobenzamide",'NA',2008-58-4,DTXSID7022170,NC(=O)C1=C(Cl)C=CC=C1Cl,JHSPCUHPSIUQRB-UHFFFAOYSA-N
PTX258,Acetochlor,'NA',34256-82-1,DTXSID8023848,CCOCN(C(=O)CCl)C1=C(CC)C=CC=C1C,VTNQPKFIQCLBDU-UHFFFAOYSA-N
